Libellé;;Intra UEM - Administrations centrales et IFM - Agrégat de monnaie M1 - Intra UEM - Autres résidents et administrations publiques non centrales - Encours - Série arrêtée;Intra UEM - Administrations centrales et IFM - Agrégat de monnaie M1 - Intra UEM - Autres résidents et administrations publiques non centrales - Flux net - Série arrêtée;Intra UEM - Administrations centrales et IFM - Agrégat de monnaie M2 - Intra UEM - Autres résidents et administrations publiques non centrales - Encours - Série arrêtée;Intra UEM - Administrations centrales et IFM - Agrégat de monnaie M2 - Intra UEM - Autres résidents et administrations publiques non centrales - Flux net - Série arrêtée;Intra UEM - Administrations centrales et IFM - Agrégat de monnaie M2-M1 - Intra UEM - Autres résidents et administrations publiques non centrales - Encours - Série arrêtée;Intra UEM - Administrations centrales et IFM - Agrégat de monnaie M3 - Intra UEM - Autres résidents et administrations publiques non centrales - Encours - Série arrêtée;Intra UEM - Administrations centrales et IFM - Agrégat de monnaie M3 - Intra UEM - Autres résidents et administrations publiques non centrales - Flux net - Série arrêtée;Intra UEM - Administrations centrales et IFM - Agrégat de monnaie M3-M2 - Intra UEM - Autres résidents et administrations publiques non centrales - Encours - Série arrêtée;France - Banques centrales nationales - Administrations centrales et IFM - Agrégat de monnaie M1 - Inférieur ou égal à 3 mois - Autres résidents et administrations publiques non centrales - Encours - Série arrêtée;France - Banques centrales nationales - Administrations centrales et IFM - Agrégat de monnaie M2 - Inférieur ou égal à 3 mois - Autres résidents et administrations publiques non centrales - Encours - Série arrêtée;France - Banques centrales nationales - Administrations centrales et IFM - Agrégat de monnaie M3 - Inférieur ou égal à 3 mois - Autres résidents et administrations publiques non centrales - Encours - Série arrêtée;France - Administrations centrales et IFM - Agrégat de monnaie M1 - Intra UEM - Autres résidents et administrations publiques non centrales - Flux net - Série arrêtée;France - Administrations centrales et IFM - Agrégat de monnaie M2 - Intra UEM - Autres résidents et administrations publiques non centrales - Flux net - Série arrêtée;France - Administrations centrales et IFM - Agrégat de monnaie M3 - Intra UEM - Autres résidents et administrations publiques non centrales - Flux net - Série arrêtée;Intra UEM - Administrations centrales et IFM - Agrégat de monnaie M2-M1 - Intra UEM - Autres résidents et administrations publiques non centrales - Flux net - Série arrêtée;Intra UEM - Administrations centrales et IFM - Agrégat de monnaie M3-M2 - Intra UEM - Autres résidents et administrations publiques non centrales - Flux net - Série arrêtée;Intra UEM - Administrations centrales et IFM - Agrégat de monnaie M2 - Intra UEM - Autres résidents et administrations publiques non centrales - Taux d'intérêt - Série arrêtée;Intra UEM - Administrations centrales et IFM - Agrégat de monnaie M2-M1 - Intra UEM - Autres résidents et administrations publiques non centrales - Taux d'intérêt - Série arrêtée;Intra UEM - Administrations centrales et IFM - Agrégat de monnaie M3 - Intra UEM - Autres résidents et administrations publiques non centrales - Taux d'intérêt - Série arrêtée;Intra UEM - Administrations centrales et IFM - Agrégat de monnaie M3-M2 - Intra UEM - Autres résidents et administrations publiques non centrales - Taux d'intérêt - Série arrêtée;Intra UEM - Administrations centrales et IFM - Agrégat de monnaie M1 - Intra UEM - Autres résidents et administrations publiques non centrales - Taux d'intérêt - Série arrêtée;France - Administrations centrales et IFM - Agrégat de monnaie M1 - Intra UEM - Autres résidents et administrations publiques non centrales - Taux d'intérêt - Série arrêtée;France - Administrations centrales et IFM - Agrégat de monnaie M2 - Intra UEM - Autres résidents et administrations publiques non centrales - Taux d'intérêt - Série arrêtée;France - Administrations centrales et IFM - Agrégat de monnaie M3 - Intra UEM - Autres résidents et administrations publiques non centrales - Taux d'intérêt - Série arrêtée
IdBank;;000652874;000652875;000652876;000652877;000652878;000652879;000652880;000652881;000653043;000653044;000653045;000659160;000659161;000659162;000803639;000803640;000810031;000810032;000810033;000810034;000810050;000810186;000810187;000810188
Année;Mois
2007;11;3 826 823;35 832;7 260 775;56 183;;8 567 350;87 242;;593 709;1 200 696;1 755 623;-7 872;3 422;22 637;;;10,7847;;12,1639;;5,7649;5,6974;13,6153;15,2379
2007;10;3 792 045;-25 729;7 208 200;62 701;;8 483 530;90 187;;601 813;1 197 720;1 733 657;-2 774;19 157;39 943;;;11,0986;;12,2219;;6,1837;6,8802;13,2511;14,0104
2007;9;3 819 098;71 951;7 115 954;99 539;;8 372 771;94 776;;604 774;1 178 922;1 701 296;11 362;14 159;17 924;;;10,3350;;11,4280;;6,3708;6,9788;11,7619;13,0030
2007;8;3 750 010;-77 206;7 023 610;-14 774;;8 288 161;12 735;;593 820;1 165 528;1 684 420;-13 303;-5 395;-1 873;;;10,4531;;11,5404;;6,2877;7,2010;11,7589;12,0986
2007;7;3 826 873;-17 209;7 037 729;34 171;;8 277 644;50 653;;607 116;1 170 916;1 687 299;-7 041;7 186;16 328;;;10,3177;;11,5848;;6,7573;6,7797;11,7083;12,9548
2007;6;3 844 798;67 348;7 005 391;95 646;;8 229 502;75 567;;614 285;1 163 977;1 671 314;27 667;31 835;8 120;;;9,7078;;11,1068;;6,4758;7,4968;11,0975;13,1912
2007;5;3 776 267;22 933;6 909 370;45 210;;8 152 075;76 384;;586 647;1 132 200;1 663 314;-9 138;-4 018;20 751;;;9,3055;;10,6429;;6,0129;4,8335;9,7819;12,0687
2007;4;3 752 669;18 526;6 862 520;51 970;;8 068 372;70 583;;595 678;1 136 012;1 639 614;7 859;13 032;31 270;;;8,7180;;10,1741;;5,9335;3,9671;8,4906;10,0396
2007;3;3 735 333;62 099;6 814 202;125 313;;8 002 493;161 503;;588 073;1 123 444;1 609 039;15 400;32 954;43 582;;;9,7412;;11,1894;;7,4135;8,3312;10,7707;12,8367
2007;2;3 673 966;-6 499;6 690 632;7 306;;7 843 725;36 128;;572 782;1 090 682;1 566 920;717;3 341;4 102;;;8,7579;;10,0049;;6,4844;6,5325;8,3961;10,5836
2007;1;3 681 760;-83 420;6 686 533;-59 924;;7 811 060;5 387;;572 263;1 087 707;1 563 376;-29 006;-18 221;12 716;;;8,9993;;9,9641;;6,5959;4,7483;7,4484;10,9962
2006;12;3 756 487;139 847;6 728 381;201 474;;7 789 254;166 988;;601 102;1 105 614;1 550 265;38 213;46 671;17 778;;;9,5028;;9,9817;;7,9147;7,3520;8,3558;10,7115
2006;11;3 609 723;47 915;6 520 498;68 761;;7 617 577;81 671;;562 897;1 058 944;1 532 239;-1 148;-379;3 468;;;8,8683;;9,3711;;6,7158;7,6019;8,3762;11,1220
2006;10;3 563 542;-17 858;6 457 085;12 098;;7 557 334;27 275;;563 771;1 059 366;1 530 164;-2 076;3 049;21 772;;;8,1468;;8,4622;;6,1850;6,9117;7,3574;9,5817
2006;9;3 581 355;64 663;6 445 069;96 835;;7 533 163;92 541;;565 838;1 056 318;1 508 433;11 771;12 647;3 841;;;8,6167;;8,6812;;7,5915;9,1754;8,2847;9,4429
2006;8;3 515 911;-56 609;6 346 330;-21 163;;7 430 043;14 347;;553 926;1 043 445;1 504 340;-14 650;-5 306;9 680;;;8,4156;;8,2228;;7,3683;7,6475;7,1076;8,4679
2006;7;3 572 525;-25 550;6 368 040;-4 317;;7 406 229;13 645;;568 801;1 049 007;1 484 703;-2 757;705;17 436;;;8,1194;;7,7146;;7,3884;7,3848;6,4791;7,0630
2006;6;3 598 128;47 607;6 372 505;63 864;;7 395 887;37 213;;571 572;1 048 327;1 467 364;11 873;16 449;-7 521;;;8,9136;;8,3383;;8,7402;10,6861;8,1350;8,4757
2006;5;3 550 136;18 923;6 307 711;7 426;;7 361 154;38 045;;559 599;1 031 735;1 479 543;-13 460;-15 991;-8 451;;;9,0950;;8,7386;;9,9920;11,9807;8,1662;8,6664
2006;4;3 532 340;65 898;6 303 098;106 101;;7 329 743;130 497;;573 307;1 048 087;1 488 030;30 371;33 362;64 583;;;9,6131;;8,9288;;10,4928;13,7953;9,2761;10,9037
2006;3;3 468 223;27 904;6 201 156;59 010;;7 203 251;69 426;;543 304;1 015 264;1 424 195;5 295;8 190;10 313;;;8,8526;;8,3626;;9,6306;9,0935;7,4391;8,9261
2006;2;3 442 043;-2 479;6 146 054;20 299;;7 143 901;30 241;;538 330;1 007 550;1 414 579;-8 480;-5 772;8 943;;;8,4865;;7,7669;;9,7324;9,7933;7,4263;8,1840
2006;1;3 443 059;-35 178;6 122 522;-26 633;;7 111 343;6 063;;546 551;1 012 933;1 405 077;-13 789;-8 353;7 852;;;8,2109;;7,4695;;9,9750;10,2623;7,3016;8,0703
2005;12;3 479 634;91 901;6 152 865;149 447;;7 116 793;113 648;;560 569;1 021 812;1 397 923;36 855;43 319;21 125;;;8,6750;;7,5156;;11,6489;11,5724;8,1248;8,5205
2005;11;3 378 506;28 152;5 995 707;23 589;;6 994 659;16 752;;523 714;978 513;1 376 010;-4 454;-9 635;-16 124;;;8,1319;;7,5107;;10,1373;9,5201;6,6421;8,4311
2005;10;3 349 342;27 220;5 970 256;36 965;;6 962 033;39 074;;527 874;987 736;1 386 945;9 041;11 277;17 993;;;8,5661;;7,9041;;11,1448;10,4546;7,9990;9,4030
2005;9;3 322 536;53 210;5 932 975;78 304;;6 918 732;56 169;;518 804;976 416;1 368 414;3 584;1 090;-8 782;;;8,7237;;8,3316;;10,6329;10,3756;8,5164;10,1681
2005;8;3 268 607;-52 024;5 852 923;-35 615;;6 862 844;-19 053;;515 086;975 101;1 376 937;-14 913;-10 744;-9 034;;;8,4148;;8,0313;;11,3176;11,2167;9,2531;9,9313
2005;7;3 321 767;17 835;5 890 029;38 994;;6 882 925;52 227;;530 086;985 977;1 386 140;13 320;15 753;34 122;;;8,4769;;8,0565;;11,5440;11,9215;9,8087;10,5770
2005;6;3 304 394;76 834;5 851 942;68 227;;6 830 660;59 331;;516 863;970 358;1 352 222;16 581;15 497;-4 522;;;8,1500;;7,7005;;10,9988;10,4478;8,8590;9,9204
2005;5;3 064 082;30 113;5 778 327;34 046;;6 765 832;46 650;;500 019;954 496;1 356 294;-3 851;-4 939;19 753;;;7,4912;;7,2194;;10,0009;8,0716;7,5496;10,5138
2005;4;3 031 052;33 120;5 738 282;57 105;;6 713 297;84 989;;503 167;958 450;1 335 319;6 100;14 626;34 731;;;7,5716;;6,9492;;9,6550;9,7320;8,7224;8,8258
2005;3;2 997 574;26 858;5 680 387;35 020;;6 627 776;27 507;;497 015;943 747;1 300 467;7 974;7 495;557;;;7,1685;;6,4860;;9,4214;8,9325;7,9711;8,4910
2005;2;2 970 119;4 418;5 643 364;4 322;;6 599 811;9 742;;488 797;935 901;1 300 724;-5 594;-6 460;6 869;;;7,1874;;6,5109;;10,0737;9,9334;8,2904;8,0473
2005;1;2 965 989;14 619;5 637 298;-333;;6 581 636;8 416;;494 608;942 665;1 294 246;-6 514;-533;12 560;;;7,1557;;6,8121;;9,9775;11,3708;9,3550;8,6939
2004;12;2 948 883;38 736;5 632 265;109 495;;6 568 177;104 817;;500 740;942 619;1 280 870;24 166;27 423;18 336;;;6,5889;;6,5517;;8,4440;7,8287;7,1203;8,2156
2004;11;2 913 705;50 526;5 528 865;43 822;;6 469 651;39 099;;476 807;915 651;1 263 139;11;2 600;-3 507;;;6,4044;;5,9301;;9,6224;9,9330;8,4925;7,9447
2004;10;2 865 999;10 142;5 490 285;41 928;;6 436 022;61 415;;477 263;913 745;1 267 555;7 844;14 747;25 150;;;6,6289;;6,1140;;9,7478;10,6419;8,3838;8,3538
2004;9;2 857 107;63 095;5 451 083;56 674;;6 376 622;34 202;;469 723;899 444;1 242 971;6 778;7 066;-10 677;;;6,2259;;5,9869;;9,5411;8,9135;6,7823;6,9673
2004;8;2 795 674;-38 722;5 397 916;-29 732;;6 345 494;-16 130;;463 251;892 818;1 254 194;-10 411;-5 270;-856;;;5,4616;;5,3937;;9,0317;8,7461;6,1094;6,4281
2004;7;2 834 795;1 368;5 428 440;19 629;;6 362 233;27 401;;473 774;898 237;1 255 241;5 739;6 637;23 578;;;5,9873;;5,5575;;9,9521;9,5926;5,9090;6,0676
2004;6;2 833 384;44 227;5 408 012;30 347;;6 334 161;26 872;;467 920;891 444;1 231 466;5 060;3 563;2 514;;;5,5110;;5,2081;;9,1003;9,4604;6,3469;5,5788
2004;5;2 788 600;18 727;5 377 365;35 730;;6 303 754;27 703;;462 825;887 864;1 228 854;3 489;5 029;-871;;;5,5311;;4,9110;;9,7169;9,7607;5,9065;4,0957
2004;4;2 770 661;24 421;5 344 467;33 285;;6 279 745;52 525;;459 531;883 090;1 230 783;2 239;7 424;28 301;;;6,1643;;5,3658;;10,5999;10,5310;6,1586;3,9870
2004;3;2 745 527;40 707;5 310 219;33 660;;6 225 884;27 287;;457 111;875 421;1 201 844;11 425;9 511;-4 417;;;6,5354;;6,0129;;10,9830;11,5218;6,8025;5,2391
2004;2;2 703 312;1 660;5 273 548;2 482;;6 197 448;26 614;;445 387;865 524;1 205 812;719;2 512;13 501;;;7,0668;;6,3735;;11,4324;10,0104;6,8713;5,7386
2004;1;2 702 875;-24 695;5 271 712;-28 326;;6 172 324;-7 162;;444 673;863 029;1 192 371;-20 648;-18 494;6 358;;;7,6244;;6,6323;;11,8360;9,2524;6,5911;4,3196
2003;12;2 727 088;64 841;5 295 799;93 916;;6 178 652;62 868;;465 056;881 158;1 185 573;30 941;36 476;14 042;;;7,4783;;6,9438;;10,1068;9,3006;7,3598;4,8140
2003;11;2 667 754;49 244;5 206 044;52 137;;6 119 709;47 471;;434 641;845 469;1 172 445;2 797;1 554;1 186;;;7,7795;;7,5077;;10,9432;7,3933;5,7613;4,2502
2003;10;2 620 362;4 342;5 157 878;19 943;;6 069 064;50 674;;432 213;844 469;1 171 689;353;1 162;8 350;;;8,1435;;8,0511;;11,6674;9,0813;6,9279;5,2486
2003;9;2 615 593;45 837;5 136 978;16 556;;6 017 478;-1 424;;431 797;843 217;1 163 229;5 579;1 317;-15 949;;;8,1635;;7,5621;;11,0486;6,6675;5,8814;3,8585
2003;8;2 573 150;-13 786;5 125 966;-2 661;;6 026 969;-5 941;;426 794;842 803;1 180 482;-6 214;-6 573;-4 818;;;8,7652;;8,4674;;12,0904;8,1282;7,3612;5,8272
2003;7;2 584 795;-18 936;5 124 234;-4 520;;6 028 347;6 034;;432 673;848 840;1 184 625;4 749;9 766;16 850;;;8,6523;;8,8450;;11,4137;8,6441;8,2470;6,9814
2003;6;2 605 444;55 331;5 130 101;29 817;;6 020 728;8 590;;430 014;841 111;1 166 131;5 988;-124;-14 352;;;8,3885;;8,4764;;11,1417;6,8500;7,3699;5,7557
2003;5;2 561 474;37 557;5 109 432;64 296;;6 021 151;52 395;;436 876;853 918;1 193 068;6 323;6 859;-2 095;;;8,8149;;8,8182;;11,6983;8,7159;8,4228;6,6879
2003;4;2 527 118;30 945;5 052 347;48 986;;5 977 504;86 171;;431 181;847 969;1 196 317;5 917;12 206;41 306;;;8,0803;;8,8178;;10,7699;6,2180;6,6830;6,8750
2003;3;2 497 509;46 986;5 006 352;56 461;;5 889 675;45 705;;425 515;836 122;1 151 483;4 944;9 623;1 227;;;7,9396;;8,0828;;11,4156;6,4173;7,0111;5,2572
2003;2;2 451 197;10 345;4 951 523;27 975;;5 845 442;39 220;;420 690;826 673;1 150 523;-2 235;232;-2 594;;;7,3373;;8,0073;;9,8448;6,0473;6,3669;5,0007
2003;1;2 440 875;-60 928;4 923 614;-33 369;;5 805 923;10 216;;422 948;826 467;1 153 134;-19 657;-11 738;11 608;;;6,4831;;7,2935;;8,8502;3,6855;5,1411;4,5978
2002;12;2 499 429;77 475;4 981 449;101 858;;5 807 825;89 145;;446 985;842 732;1 146 155;22 357;22 685;7 451;;;6,5139;;6,8478;;9,5797;10,7621;8,5986;6,8944
2002;11;2 414 586;59 920;4 875 496;65 045;;5 714 499;72 897;;425 896;821 569;1 140 367;9 289;10 458;11 978;;;7,0626;;7,2299;;9,4696;14,1521;10,0874;7,2431
2002;10;2 355 081;-9 199;4 811 015;19 496;;5 643 921;21 685;;416 702;811 252;1 130 105;-9 082;-6 891;-6 964;;;6,8162;;6,9873;;8,4309;11,8045;8,8727;6,5984
2002;9;2 364 441;62 974;4 792 133;41 853;;5 622 658;45 606;;425 804;818 175;1 137 115;11 173;12 536;5 873;;;6,4821;;7,0999;;8,3052;14,0166;10,1131;8,4909
2002;8;2 301 453;-26 398;4 750 263;-7 411;;5 576 688;13 859;;414 656;805 679;1 131 854;-4 045;357;7 639;;;6,6645;;7,1319;;8,3254;11,4964;8,3721;7,8178
2002;7;2 328 109;-22 772;4 758 307;-15 770;;5 562 734;-13 294;;418 784;805 436;1 124 338;-2 379;2 739;3 169;;;6,4988;;7,0084;;7,6613;8,7063;7,3383;5,8478
2002;6;2 349 754;61 198;4 768 158;46 301;;5 569 626;25 427;;420 896;802 316;1 120 750;12 838;7 686;-3 739;;;6,6536;;7,2239;;7,6339;9,3643;7,8477;6,8215
2002;5;2 290 532;14 639;4 728 195;27 718;;5 549 585;48 245;;408 753;795 646;1 125 659;-3 571;-6 494;-1;;;6,7578;;7,6242;;6,8579;10,8226;9,2951;9,3816
2002;4;2 278 113;40 947;4 706 318;39 560;;5 506 616;42 533;;412 854;802 923;1 126 526;6 431;13 988;22 308;;;6,4842;;7,3138;;7,0437;10,4750;9,6789;8,9132
2002;3;2 238 652;10 695;4 670 235;26 747;;5 468 340;38 641;;406 798;789 483;1 104 791;3 323;4 359;-1 521;;;6,5071;;7,4017;;6,8102;10,4789;8,6705;7,6862
2002;2;2 228 301;-10 872;4 644 451;-10 808;;5 431 229;550;;403 559;785 279;1 107 884;-11 386;-8 933;-6 776;;;6,4903;;7,4504;;6,8007;8,8556;8,1913;7,9250
2002;1;2 239 338;-40 653;4 655 663;-30 036;;5 430 258;-13 082;;414 970;794 248;1 114 716;8 639;14 419;34 902;;;6,8981;;7,8714;;7,3228;10,6949;8,5917;8,6001
2001;12;2 278 976;68 637;4 684 363;119 386;;5 446 740;102 772;;406 124;779 508;1 080 326;31 708;31 201;10 503;;;6,3020;;7,7544;;5,6775;5,7001;6,7194;7,8938
2001;11;2 210 574;34 189;4 565 041;50 490;;5 343 830;56 202;;374 323;748 235;1 069 767;474;1 280;4 816;;;6,0249;;7,7873;;5,9325;4,2098;6,7182;7,9776
2001;10;2 175 722;-11 038;4 512 933;4 182;;5 289 731;25 859;;373 699;746 700;1 064 666;-736;2 140;12 125;;;5,5594;;7,3899;;5,3879;4,2322;6,9077;8,1774
2001;9;2 187 299;58 648;4 508 739;47 017;;5 263 162;44 196;;374 337;744 412;1 052 433;1 582;-371;-1 104;;;5,4611;;6,9622;;5,7989;3,0257;5,9977;6,6903
2001;8;2 128 380;-37 722;4 461 073;-13 927;;5 211 886;6 956;;372 693;744 686;1 053 424;-13 312;-6 846;-12 375;;;4,4292;;5,9176;;3,5654;3,0401;6,0716;6,5275
2001;7;2 167 979;-21 792;4 479 923;-8 349;;5 209 922;-1 967;;386 513;752 314;1 066 676;142;6 106;12 711;;;4,4587;;5,5919;;3,5535;4,6663;6,3478;7,4152
2001;6;2 191 444;41 534;4 492 195;47 920;;5 216 143;43 112;;386 769;746 818;1 054 664;16 715;16 945;21 255;;;4,5353;;5,5443;;4,4415;5,3816;6,8414;7,7930
2001;5;2 150 338;17 412;4 445 379;14 648;;5 174 262;30 058;;370 121;730 081;1 033 550;-4 396;-3 372;-4 442;;;3,7182;;4,4617;;3,3055;3,4612;5,8588;5,2753
2001;4;2 129 763;33 684;4 422 968;38 097;2 342 570;5 135 594;43 794;913 060;373 863;732 479;1 036 916;5 832;6 074;8 940;4 898;12 013;3,2893;4,5897;3,8880;15,9795;1,7528;3,5807;5,9209;5,5538
2001;3;2 096 001;9 818;4 385 080;24 389;2 337 920;5 090 550;38 220;900 160;368 065;726 487;1 027 729;-2 435;810;863;13 566;26 408;3,3137;4,2796;3,9166;15,1188;2,1014;4,6204;6,5746;6,8576
2001;2;2 084 013;21;4 355 582;6 521;2 321 874;5 047 547;20 207;871 741;370 030;724 863;1 026 015;-4 117;-5 542;143;5 658;23 112;2,9174;3,5060;3,7226;16,3543;2,1771;5,8700;6,8357;8,8933
2001;1;2 083 703;-70 842;4 348 577;-52 589;2 316 015;5 026 842;-17 571;848 501;374 124;730 351;1 025 817;-9 496;683;25 577;18 575;38 532;2,7003;3,5238;3,6747;17,8533;1,7217;5,7956;6,5692;8,6981
2000;12;2 084 600;67 774;4 299 631;98 861;2 210 708;4 910 331;94 439;791 508;382 733;728 797;999 380;24 894;29 220;10 499;30 201;-6 764;3,7692;1,8781;4,2342;14,0436;5,6839;6,4514;5,9022;7,0931
2000;11;2 020 878;21 006;4 210 799;28 254;2 186 310;4 832 422;33 144;813 197;358 633;700 917;990 324;532;2 442;6 285;6 003;14 736;3,6972;2,5270;3,8628;12,2223;5,1020;6,2438;5,6940;6,3952
2000;10;2 002 079;-2 336;4 187 285;-20;2 182 289;4 804 690;4 369;800 691;358 534;699 186;984 785;-4 907;-3 977;-2 352;4 476;9 739;3,6566;1,8753;4,1026;13,5708;5,8538;5,8937;4,8080;6,7345
2000;9;2 002 243;11 662;4 182 500;2 721;2 175 450;4 794 883;-6 571;788 658;362 969;702 394;986 358;1 584;140;-2 544;-8 334;-6 029;4,0613;2,1669;4,3075;12,4180;6,2876;7,9351;5,4306;6,5955
2000;8;1 989 355;-35 424;4 176 869;-11 832;2 182 550;4 798 350;-8 372;794 444;361 190;701 946;989 083;-7 064;-4 602;-3 337;21 246;13 044;4,2472;1,7715;4,6539;14,2534;7,1513;7,2059;4,3173;5,9471
2000;7;2 022 811;-2 945;4 184 938;-4 716;2 159 578;4 802 372;-3 976;779 116;367 855;705 877;991 713;2 629;8 952;15 237;798;6 139;3,6947;0,8690;4,3307;14,7781;7,0246;5,8247;3,6568;6,0472
2000;6;2 024 238;16 532;4 186 422;12 028;2 157 292;4 805 379;-9 693;771 893;364 915;696 397;975 949;9 297;9 487;-3 205;-7 037;-16 052;4,3110;1,7428;4,6465;12,4569;7,1724;7,5425;4,3237;4,5854
2000;5;2 009 080;-14 143;4 177 618;-3 507;2 166 009;4 820 009;1 586;785 895;356 015;687 488;979 626;-3 824;-2 777;-1 620;9 826;9 657;4,6603;1,2160;5,4272;14,2168;8,7624;7,7557;3,7965;5,9252
2000;4;2 027 142;38 829;4 186 038;36 993;2 156 343;4 826 280;42 351;779 915;360 192;690 816;981 822;9 130;9 920;20 326;-1 889;4 251;5,4823;0,5616;6,1429;14,0572;11,4607;9,4592;4,1679;5,8425
2000;3;1 986 051;10 768;4 143 894;7 200;2 155 720;4 768 886;26 961;729 782;350 605;680 166;960 676;1 842;2 418;18 744;-3 494;28 924;5,0816;0,8774;5,9637;16,3436;10,1800;5,7911;2,4717;5,1867
2000;2;1 973 795;-8 815;4 133 652;-2 535;2 157 923;4 738 473;16 800;699 486;348 554;677 398;941 518;-4 126;-6 886;-1 559;5 634;27 208;5,2988;0,8193;5,6379;11,9232;10,7710;5,1896;1,9992;4,0609
2000;1;1 982 585;9 413;4 137 751;-6 917;2 153 755;4 723 293;8 916;672 240;352 667;684 255;943 079;-6 740;-3 663;9 749;-16 548;9 729;4,1668;-0,0928;4,7698;12,8645;9,3254;3,8111;1,4352;3,9628
1999;12;1 972 045;53 413;4 142 299;92 192;2 169 310;4 708 951;73 587;658 177;359 172;687 555;932 956;22 637;26 202;3 730;43 096;-16 014;5,2919;1,3015;5,6010;12,1390;10,0754;9,5718;4,7321;6,0209
1999;11;1 918 079;33 366;4 049 147;25 539;2 125 976;4 625 175;42 232;662 950;336 219;660 999;928 858;-611;-3 265;8 819;-7 725;19 667;6,5318;2,0537;5,7319;4,3130;11,8697;8,8262;4,0343;4,6834
1999;10;1 882 966;5 492;4 019 773;15 597;2 131 723;4 578 658;13 141;641 840;336 524;663 749;919 447;1 839;162;-3 398;10 436;1 326;7,1903;2,3252;5,4168;-2,0251;13,1481;8,3528;3,8981;2,7962
1999;9;1 876 545;25 980;4 000 412;9 732;2 118 581;4 561 348;8 844;639 610;334 504;663 279;922 510;-806;-6 949;-7 942;-16 383;5 360;7,1940;2,3505;5,8880;0,5025;13,0013;6,5249;3,5525;4,3409
1999;8;1 850 990;-35 208;3 991 119;-32 623;2 135 164;4 540 775;-22 023;622 201;335 733;670 667;919 316;-11 037;-8 700;-2 233;1 882;13 030;7,2673;2,5407;5,6895;-2,0771;13,0724;10,3073;6,4293;5,5602
1999;7;1 885 415;-143;4 021 980;19 263;2 132 325;4 563 121;10 010;608 553;346 647;679 159;921 281;7 983;12 915;1 484;19 109;-7 670;7,9357;2,7185;5,9262;-4,7526;14,3209;9,9540;5,6581;3,4567
1999;6;1 886 693;42 746;4 005 344;24 824;2 114 650;4 555 936;24 612;617 057;338 927;666 682;920 277;9 277;5 733;8 656;-17 928;-3 154;6,5706;2,1285;5,6173;0,6631;11,7961;5,8093;2,2088;3,7397
1999;5;1 843 509;31 980;3 979 503;27 693;2 131 936;4 529 334;32 011;618 950;329 574;660 805;911 471;1 647;-302;-2 219;-4 138;6 710;6,7311;2,1182;5,4826;-0,5880;12,4257;7,2256;3,0845;3,3595
1999;4;1 811 021;14 077;3 950 655;20 017;2 135 506;4 496 032;32 012;611 802;327 809;660 906;913 492;-2 757;-1 282;13 347;4 817;15 410;6,5542;2,3805;5,2955;-1,1482;11,7332;6,0542;2,9290;2,7487
1999;3;1 796 445;19 264;3 929 382;14 909;2 130 086;4 459 586;11 553;592 971;330 452;661 978;899 938;-142;-700;8 040;-4 681;1 061;7,0207;2,9992;5,5261;-2,7709;12,0323;8,5699;4,3509;3,1947
1999;2;1 775 685;-31 494;3 911 196;-44 892;2 133 254;4 447 603;-20 943;594 292;329 957;661 887;894 138;-8 333;-10 440;-2 325;-13 848;27 840;6,7444;1,9860;5,4459;-2,3912;12,9299;9,5174;5,3812;3,3723
1999;1;1 805 976;20 830;3 953 261;35 724;2 145 528;4 465 466;44 014;565 589;338 042;671 926;896 019;11 641;17 658;26 649;13 285;4 558;8,0461;2,7031;6,1604;-6,0503;15,1065;11,1677;6,8305;3,4930
1998;12;1 785 398;76 255;3 920 142;131 935;2 135 324;4 471 962;75 521;551 858;326 212;653 961;875 102;18 488;20 720;-7 642;57 883;-56 172;6,1831;3,4831;4,9855;-2,8077;9,5507;3,0105;3,8876;1,8477
1998;11;1 709 659;48 722;3 789 956;47 038;2 078 566;4 398 896;27 158;608 859;307 802;633 378;883 444;-1 906;-3 963;-7 668;-2 023;-20 098;5,1093;2,2244;4,8367;3,1854;8,7152;4,8867;4,9840;4,6001
1998;10;1 660 077;2 694;3 740 821;14 653;2 079 461;4 369 334;31 937;628 435;309 516;637 000;890 700;-3 590;-1 970;9 942;10 703;17 066;4,6866;2,1166;5,0939;7,6251;7,9870;6,7561;6,1902;6,0537
1998;9;1 657 140;23 994;3 725 841;11 621;2 068 442;4 336 678;300;611 134;313 138;639 032;880 748;10 022;10 776;2 590;-12 144;-10 766;4,7046;2,1452;4,6686;4,5836;8,0546;7,9095;7,0458;5,0216
1998;8;1 635 112;-12 919;3 719 136;-7 194;2 083 252;4 342 366;-11 311;623 248;303 506;629 012;879 237;-10 989;-12 814;-20 057;5 440;-4 075;;;;;;;;
1998;7;1 648 020;-37 368;3 726 312;-29 685;2 077 905;4 353 573;-3 163;627 279;314 510;641 852;899 292;-4 801;-9 056;3 899;6 718;26 302;;;;;;;;
1998;6;1 686 330;47 424;3 758 294;28 903;2 072 306;4 359 609;18 018;601 573;319 464;651 216;895 877;12 846;11 083;5 162;-17 782;-10 686;;;;;;;;
1998;5;1 638 215;18 398;3 727 793;19 749;2 089 473;4 339 795;22 995;612 024;306 512;639 953;890 442;-1 837;-1 260;-7 477;1 303;3 232;;;;;;;;
1998;4;1 615 279;16 850;3 698 649;34 816;2 083 078;4 311 876;40 122;613 244;308 457;641 411;898 325;4 616;7 517;16 968;17 196;5 566;;;;;;;;
1998;3;1 599 617;29 736;3 666 889;4 468;2 067 436;4 275 571;7 829;608 564;304 074;634 305;882 077;2 500;5 535;9 360;-25 124;3 447;;;;;;;;
1998;2;1 569 376;2 351;3 661 078;2 560;2 092 034;4 266 311;8 747;604 992;301 457;628 572;872 465;-3 031;-1 259;-1 249;1 112;5 927;;;;;;;;
1998;1;1 567 225;-60 460;3 658 982;-30 556;2 091 205;4 258 145;-5 693;599 176;304 523;629 896;873 825;-12 784;-813;12 116;28 575;24 970;;;;;;;;
1997;12;1 626 864;57 165;3 687 146;87 361;2 061 153;4 267 311;65 840;579 917;317 135;630 335;861 078;23 315;26 334;15 338;31 118;-21 712;;;;;;;;
1997;11;1 560 332;34 255;3 588 083;30 230;2 027 757;4 186 672;36 027;598 389;293 740;603 826;845 480;3 354;3 120;4 346;-4 115;5 728;;;;;;;;
1997;10;1 525 532;3 431;3 555 777;14 549;2 030 518;4 148 389;13 605;592 394;290 269;600 478;840 811;-228;2 960;1 215;11 026;-667;;;;;;;;
1997;9;1 522 876;24 244;3 543 278;11 237;2 020 844;4 137 256;14 359;593 646;290 712;597 938;840 250;2 822;125;-1 848;-13 266;2 769;;;;;;;;
1997;8;1 497 684;-15 947;3 531 803;-10 590;2 034 118;4 122 508;-15 327;590 694;287 890;597 813;842 095;-2 302;410;-6 398;5 358;-4 738;;;;;;;;
1997;7;1 513 630;-10 939;3 542 392;-6 846;2 028 761;4 137 835;-1 912;595 432;290 192;597 403;848 493;4 017;8 901;1 955;4 093;4 933;;;;;;;;
1997;6;1 524 569;48 342;3 549 238;32 871;2 024 668;4 139 747;27 675;590 499;286 175;588 502;846 538;13 596;12 782;12 680;-15 471;-5 196;;;;;;;;
1997;5;1 476 228;20 404;3 516 367;17 787;2 040 139;4 112 073;35 188;595 695;272 579;575 720;833 858;-1 438;-1 416;5 699;-2 616;17 401;;;;;;;;
1997;4;1 455 824;147;3 498 580;-1 618;2 042 755;4 076 885;5 953;578 294;274 017;577 136;828 159;-929;840;512;-1 766;7 571;;;;;;;;
1997;3;1 455 677;15 149;3 500 198;5 103;2 044 521;4 070 931;10 501;570 723;274 946;576 296;827 647;9 011;10 728;14 779;-10 046;5 398;;;;;;;;
1997;2;1 440 528;-5 135;3 493 124;-6 089;2 052 597;4 059 955;7 520;566 819;265 935;565 568;812 868;-7 775;-8 796;-4 060;-955;13 610;;;;;;;;
1997;1;1 445 663;-82 825;3 499 214;-63 287;2 053 551;4 052 435;-37 942;553 210;273 710;574 364;816 928;-20 678;-14 701;-1 285;19 538;25 345;;;;;;;;
1996;12;1 528 487;95 283;3 562 501;124 750;2 034 012;4 090 376;92 421;527 865;294 388;589 065;818 213;23 006;27 321;5 185;29 467;-32 330;;;;;;;;
1996;11;1 433 207;38 244;3 438 184;35 590;2 004 977;3 998 390;28 018;560 196;271 385;562 160;813 444;5 769;4 410;-505;-2 656;-7 571;;;;;;;;
1996;10;1 394 966;-3 081;3 403 028;-2 744;2 008 062;3 970 808;-2 773;567 769;265 619;558 166;814 365;-6 126;-4 266;-10 778;338;-30;;;;;;;;
1996;9;1 398 051;33 929;3 406 205;23 340;2 008 154;3 974 016;17 383;567 801;271 748;562 848;825 559;3 143;1 122;1 595;-10 589;-5 959;;;;;;;;
1996;8;1 364 121;-13 642;3 382 864;-3 681;2 018 743;3 956 633;3 151;573 759;268 605;561 726;823 964;-4 606;-2 204;-189;9 962;6 831;;;;;;;;
1996;7;1 377 764;-17 659;3 386 545;-10 799;2 008 782;3 953 482;-12 571;566 928;273 211;563 930;824 153;-4 364;-1 341;-3 903;6 860;-1 770;;;;;;;;
1996;6;1 395 422;39 723;3 397 345;34 796;2 001 922;3 966 053;19 486;568 698;277 575;565 271;828 056;13 573;9 986;2 987;-4 928;-15 310;;;;;;;;
1996;5;1 355 700;-934;3 362 550;3 407;2 006 850;3 946 568;5 848;584 008;264 003;555 286;825 070;-3 829;-4 135;-435;4 341;2 441;;;;;;;;
1996;4;1 356 635;15 321;3 359 144;14 986;2 002 508;3 940 722;9 261;581 568;267 833;559 422;825 506;-377;-1 061;-2 315;-335;-5 726;;;;;;;;
1996;3;1 341 316;13 151;3 344 159;11 274;2 002 843;3 931 462;14 930;587 294;268 211;560 484;827 822;4 864;238;2 978;-1 877;3 656;;;;;;;;
1996;2;1 328 193;-11 654;3 332 926;-5 049;2 004 733;3 916 593;9 725;583 657;263 375;560 285;824 902;-9 035;-12 667;-6 364;6 605;14 774;;;;;;;;
1996;1;1 339 876;-83 196;3 338 016;-59 439;1 998 141;3 906 929;-30 447;568 903;272 438;572 991;831 324;-20 293;-17 219;-9 768;23 757;28 993;;;;;;;;
1995;12;1 423 101;98 171;3 397 496;134 267;1 974 395;3 937 436;113 979;539 930;292 759;590 249;841 150;36 601;39 281;27 666;50 665;-20 289;;;;;;;;
1995;11;1 324 930;27 618;3 263 228;27 347;1 923 730;3 823 458;37 922;560 220;256 158;550 968;813 485;1 395;-1 654;453;32;10 575;;;;;;;;
1995;10;1 297 247;-6 445;3 235 736;2 634;1 923 617;3 785 270;8 530;549 525;254 763;552 622;813 033;-5 627;-5 800;-9 390;9 235;5 896;;;;;;;;
1995;9;1 303 692;27 717;3 233 102;29 755;1 914 383;3 776 741;21 885;543 629;260 390;558 422;822 424;6 764;5 789;3 057;1 405;-7 870;;;;;;;;
1995;8;1 276 007;-21 191;3 203 379;-6 437;1 912 979;3 754 980;6 170;551 591;253 657;552 664;819 486;-8 705;-5 649;39;15 091;12 609;;;;;;;;
1995;7;1 297 229;-6 466;3 212 085;-6 231;1 900 124;3 751 180;-7 896;539 085;262 393;558 344;819 566;2 779;4 164;6 512;624;-1 665;;;;;;;;
1995;6;1 303 727;22 991;3 218 349;25 950;1 899 500;3 759 200;24 576;540 842;259 645;554 211;813 173;10 792;12 693;12 055;2 666;-1 375;;;;;;;;
1995;5;1 280 740;3 203;3 192 403;5 370;1 896 835;3 734 632;15 223;542 220;248 857;541 522;801 125;-7 394;-7 225;-1 366;2 290;9 854;;;;;;;;
1995;4;1 277 541;15 354;3 187 036;10 814;1 894 546;3 719 416;16 509;532 369;256 255;548 751;802 498;5 912;10 063;9 579;-4 506;5 695;;;;;;;;
1995;3;1 262 191;-3 852;3 176 226;3 578;1 899 052;3 702 914;-3 729;526 678;250 347;538 692;792 926;-543;6 417;2 176;7 402;-7 307;;;;;;;;
1995;2;1 266 049;-5 920;3 172 656;-3 648;1 891 653;3 706 656;10 663;533 990;250 895;532 283;790 762;-5 996;-3 823;6 883;2 281;14 311;;;;;;;;
1995;1;1 271 973;-67 018;3 176 313;-62 926;1 889 375;3 696 006;-35 260;519 683;256 896;536 114;783 891;-14 759;-6 623;3 821;5 262;27 665;;;;;;;;
1994;12;1 343 081;65 710;3 243 775;95 658;1 884 560;3 735 824;76 321;492 040;271 660;542 745;780 082;21 019;29 337;19 974;28 336;-19 336;;;;;;;;
1994;11;1 277 371;13 784;3 148 117;8 275;1 856 224;3 659 502;20 030;511 376;250 641;513 408;760 108;-5 572;-3 748;3 464;-5 252;11 755;;;;;;;;
1994;10;1 263 586;6 203;3 139 842;4 119;1 861 476;3 639 472;14 619;499 621;256 213;517 156;756 644;1 980;5 111;8 098;-2 074;10 501;;;;;;;;
1994;9;1 257 383;13 814;3 135 723;9 708;1 863 550;3 624 853;-2 286;489 120;254 233;512 045;748 546;2 755;2 116;-1 618;-4 456;-11 994;;;;;;;;
1994;8;1 243 577;-21 127;3 126 023;-23 178;1 868 005;3 627 148;-24 001;501 114;251 486;509 937;750 172;-10 487;-8 949;-10 550;-1 799;-822;;;;;;;;
1994;7;1 264 712;-13 321;3 149 210;-5 461;1 869 804;3 651 157;-495;501 937;261 981;518 894;760 730;3 374;7 388;6 463;8 337;4 966;;;;;;;;
1994;6;1 278 042;31 636;3 154 679;25 210;1 861 466;3 651 660;16 849;496 971;258 615;511 514;754 275;11 944;12 887;8 333;-6 787;-8 361;;;;;;;;
1994;5;1 246 405;-650;3 129 469;-4 287;1 868 253;3 634 811;-2 934;505 332;246 671;498 627;745 942;-11 611;-13 085;-9 240;-3 564;1 353;;;;;;;;
1994;4;1 247 055;5 743;3 133 757;6 741;1 871 817;3 637 745;8 314;503 979;258 282;511 712;755 182;4 719;4 799;2 030;1 189;1 573;;;;;;;;
1994;3;1 241 312;12 571;3 127 015;24 396;1 870 628;3 629 431;16 622;502 406;253 563;506 913;753 152;2 130;3 732;3 268;11 324;-7 775;;;;;;;;
1994;2;1 228 742;-8 205;3 102 619;-3 103;1 859 304;3 612 809;-3 954;510 181;251 433;503 181;749 884;-6 765;-9 137;-13 070;5 030;-851;;;;;;;;
1994;1;1 236 946;-50 914;3 105 722;-44 564;1 854 274;3 616 763;-35 038;511 032;258 198;512 318;762 954;-7 918;-8 554;-9 866;7 322;9 526;;;;;;;;
1993;12;1 287 860;66 984;3 150 286;129 375;1 846 952;3 651 801;105 439;501 505;266 116;520 872;772 820;21 009;27 357;12 540;61 002;-23 937;;;;;;;;
1993;11;1 220 876;35 391;3 020 892;33 574;1 785 933;3 546 344;32 228;525 442;245 107;493 515;760 280;-3 863;-6 233;-10 575;-1 843;-1 345;;;;;;;;
1993;10;1 185 486;9 941;2 987 319;20 303;1 787 776;3 514 115;25 475;526 788;248 970;499 748;770 855;2 918;2 492;-2 779;10 275;5 171;;;;;;;;
1993;9;1 175 545;20 085;2 967 016;18 283;1 777 501;3 488 641;12 176;521 616;246 052;497 256;773 634;3 134;1 316;-1 817;-2 369;-6 107;;;;;;;;
1993;8;1 155 460;-11 943;2 948 733;-4 987;1 779 869;3 476 465;-3 651;527 723;242 918;495 940;775 451;-7 137;-6 038;-9 419;7 138;1 336;;;;;;;;
1993;7;1 167 402;-13 456;2 953 719;-2 114;1 772 731;3 480 116;-4 233;526 388;250 055;501 978;784 870;-4 254;-4 488;-6 118;11 595;-2 118;;;;;;;;
1993;6;1 180 858;26 570;2 955 834;22 457;1 761 135;3 484 349;11 621;528 506;254 309;506 466;790 988;12 056;9 714;2 177;-4 358;-10 836;;;;;;;;
1993;5;1 154 289;13 461;2 933 377;19 813;1 765 494;3 472 727;22 494;539 341;242 253;496 752;788 811;-1 581;-4 517;-7 731;6 299;2 681;;;;;;;;
1993;4;1 140 828;3 261;2 913 564;10 652;1 759 194;3 450 233;6 009;536 660;243 834;501 269;796 542;-756;-2 451;-9 936;7 346;-4 643;;;;;;;;
1993;3;1 137 567;7 975;2 902 912;23 102;1 751 849;3 444 225;39 510;541 303;244 590;503 720;806 478;5 293;9 135;18 112;14 950;16 409;;;;;;;;
1993;2;1 129 592;-14 176;2 879 810;-3 003;1 736 898;3 404 714;6 950;524 896;239 297;494 585;788 366;-12 712;-14 730;-9 538;11 292;9 952;;;;;;;;
1993;1;1 143 768;-71 507;2 882 813;-57 093;1 725 606;3 397 765;-35 441;514 943;252 008;509 314;797 903;-15 037;-15 266;-6 106;15 474;21 653;;;;;;;;
1992;12;1 215 275;61 614;2 939 906;92 412;1 710 132;3 433 206;84 512;493 291;267 046;524 581;804 010;13 737;19 536;19 054;29 162;-7 900;;;;;;;;
1992;11;1 153 619;37 397;2 847 451;34 902;1 680 968;3 348 650;38 744;501 191;253 308;505 044;784 955;3 964;1 743;-158;-2 341;3 842;;;;;;;;
1992;10;1 116 222;-4 012;2 812 549;-1 507;1 683 309;3 309 906;4 144;497 349;249 344;503 301;785 113;1 676;507;-136;2 702;5 651;;;;;;;;
1992;9;1 120 234;22 448;2 814 056;35 941;1 680 607;3 305 761;44 349;491 698;247 668;502 794;785 249;2 888;1 320;9 210;12 784;8 408;;;;;;;;
1992;8;1 097 785;-10 738;2 778 114;-3 827;1 667 823;3 261 412;-650;483 290;244 781;501 475;776 040;-4 744;-4 458;-688;7 327;3 177;;;;;;;;
1992;7;1 108 523;-17 019;2 781 941;-7 543;1 660 496;3 262 062;7 774;480 113;249 524;505 932;776 727;-90;-1 656;3 223;9 857;15 317;;;;;;;;
1992;6;1 125 542;15 849;2 789 485;14 785;1 650 639;3 254 288;19 484;464 796;249 615;507 589;773 505;1 970;118;3 476;-1 336;4 700;;;;;;;;
1992;5;1 109 693;10 614;2 774 699;13 208;1 651 975;3 234 804;27 678;460 096;247 645;507 471;770 029;-569;-2 896;3 385;2 547;14 470;;;;;;;;
1992;4;1 099 079;11 629;2 761 491;19 120;1 649 428;3 207 125;31 679;445 626;248 214;510 367;766 644;4 393;3 371;10 328;7 462;12 559;;;;;;;;
1992;3;1 087 449;11 333;2 742 371;12 370;1 641 966;3 175 446;18 357;433 067;243 821;506 996;756 316;1 999;462;9 717;723;5 986;;;;;;;;
1992;2;1 076 117;-12 367;2 730 001;-5 295;1 641 245;3 157 089;6 806;427 079;241 822;506 534;746 599;-7 584;-9 552;-2 203;7 213;12 102;;;;;;;;
1992;1;1 088 484;-82 974;2 735 297;-73 097;1 634 031;3 150 283;-54 375;414 979;249 407;516 087;748 803;-15 909;-14 156;-11 093;11 301;18 722;;;;;;;;
1991;12;1 171 457;77 515;2 808 393;118 979;1 622 730;3 204 658;110 842;396 256;265 316;530 243;759 896;15 796;19 552;17 400;39 653;-8 137;;;;;;;;
1991;11;1 093 925;27 056;2 689 397;33 092;1 583 077;3 093 728;37 463;404 322;249 520;510 691;742 496;5 417;2 768;2 334;5 965;4 370;;;;;;;;
1991;10;1 066 870;-12 154;2 656 305;-927;1 577 112;3 056 265;9 498;399 952;244 103;507 923;740 162;-5 048;-6 696;-5 774;11 099;10 425;;;;;;;;
1991;9;1 079 023;18 192;2 657 232;19 911;1 566 014;3 046 767;24 119;389 527;249 151;514 619;745 936;-1 306;-764;3 099;1 275;4 207;;;;;;;;
1991;8;1 060 831;-22 723;2 637 321;-7 954;1 564 739;3 022 648;1 347;385 319;250 457;515 383;742 837;-4 619;-3 577;1 329;15 018;9 301;;;;;;;;
1991;7;1 083 554;-11 704;2 645 275;-6 630;1 549 721;3 021 301;5 924;376 019;255 075;518 959;741 507;-2 775;-2 534;2 945;5 169;12 554;;;;;;;;
1991;6;1 091 279;37 577;2 651 905;38 196;1 548 531;3 015 377;40 237;363 465;257 850;521 493;738 562;10 655;9 931;11 292;151;2 040;;;;;;;;
1991;5;1 053 702;-4 166;2 613 708;1 581;1 548 380;2 975 140;5 500;361 423;247 196;511 563;727 271;-7 519;-8 636;-5 694;5 935;3 919;;;;;;;;
1991;4;1 057 868;10 192;2 612 128;11 652;1 542 445;2 969 640;11 375;357 504;254 714;520 198;732 964;6 168;5 047;6 543;1 396;-277;;;;;;;;
1991;3;1 047 676;-1 548;2 600 476;1 212;1 541 049;2 958 265;9 820;357 781;248 546;515 151;726 421;1 587;1 889;6 054;2 609;8 608;;;;;;;;
1991;2;1 049 224;-7 786;2 599 264;-928;1 538 439;2 948 446;10 690;349 174;246 959;513 262;720 367;-8 129;-8 493;-1 699;7 013;11 618;;;;;;;;
1991;1;1 057 010;-71 453;2 600 192;-58 508;1 531 427;2 937 755;-42 215;337 555;255 088;521 755;722 066;-22 523;-20 916;-12 171;13 934;16 294;;;;;;;;
1990;12;1 128 462;80 522;2 658 701;116 640;1 517 492;2 979 971;114 722;321 262;277 611;542 671;734 237;28 729;32 503;34 974;34 636;-1 918;;;;;;;;
1990;11;1 030 819;14 333;2 542 061;16 096;1 499 978;2 865 249;23 362;323 180;248 882;510 168;699 263;-4 020;-6 237;-1 477;1 850;7 267;;;;;;;;
1990;10;1 016 487;-9 162;2 525 965;-2 352;1 498 128;2 841 886;8 040;315 913;252 902;516 405;700 740;-2 712;-4 156;3 967;6 748;10 392;;;;;;;;
1990;9;1 025 649;30 129;2 528 318;37 977;1 491 380;2 833 847;40 931;305 522;255 613;520 560;696 772;10 672;11 073;12 950;7 459;2 953;;;;;;;;
1990;8;995 520;-25 515;2 490 340;-14 075;1 483 920;2 792 916;-9 160;302 569;244 941;509 487;683 822;-11 402;-10 238;-4 951;11 686;4 915;;;;;;;;
1990;7;1 021 035;4 371;2 504 415;7 499;1 472 235;2 802 076;13 280;297 652;256 344;519 726;688 774;-1 696;487;6 500;3 154;5 781;;;;;;;;
1990;6;1 016 664;26 229;2 496 916;28 023;1 469 081;2 788 796;31 790;291 872;258 039;519 238;682 273;14 476;13 036;15 828;1 406;3 768;;;;;;;;
1990;5;962 907;809;2 375 979;-221;1 402 289;2 663 727;6 636;287 740;243 563;506 202;666 445;-4 487;-7 218;-1 719;-727;6 857;;;;;;;;
1990;4;962 098;15 507;2 376 200;16 218;1 403 015;2 657 090;19 710;280 884;248 051;513 421;668 165;1 182;231;4 790;490;3 491;;;;;;;;
1990;3;946 591;-6 826;2 359 982;-10 077;1 402 526;2 637 381;-2 656;277 392;246 869;513 190;663 375;2 642;1 645;6 301;-3 289;7 421;;;;;;;;
1990;2;953 417;-15 826;2 370 058;-9 696;1 405 814;2 640 037;2 057;269 972;244 227;511 545;657 074;-12 710;-16 247;-8 294;6 414;11 753;;;;;;;;
1990;1;969 243;-45 982;2 379 755;-39 379;1 399 400;2 637 981;-21 967;258 219;256 937;527 792;665 368;-11 294;-10 801;-4 951;7 425;17 412;;;;;;;;
1989;12;1 015 225;63 321;2 419 134;102 834;1 391 975;2 659 948;102 242;240 807;268 230;538 592;670 318;20 386;25 987;30 574;37 917;-592;;;;;;;;
1989;11;951 904;19 025;2 316 299;22 027;1 354 058;2 557 705;27 757;241 399;247 844;512 605;639 744;-2 932;-4 397;-1 337;2 998;5 730;;;;;;;;
1989;10;932 879;6 112;2 294 272;7 881;1 351 061;2 529 948;14 118;235 669;250 776;517 002;641 081;4 333;3 308;6 177;1 742;6 238;;;;;;;;
1989;9;926 766;11 110;2 286 391;16 537;1 349 319;2 515 829;18 609;229 431;246 442;513 693;634 903;6 580;7 789;9 974;5 147;2 073;;;;;;;;
1989;8;915 657;-21 312;2 269 855;-12 037;1 344 172;2 497 220;-7 152;227 359;239 862;505 904;624 929;-10 141;-7 352;-5 376;9 525;4 886;;;;;;;;
1989;7;936 969;12 252;2 281 892;22 091;1 334 647;2 504 372;26 615;222 473;250 003;513 256;630 305;6 498;8 093;9 979;9 843;4 523;;;;;;;;
1989;6;924 717;24 082;2 259 800;28 501;1 324 805;2 477 756;31 242;217 949;243 505;505 163;620 326;10 003;9 324;10 129;3 951;2 740;;;;;;;;
1989;5;900 635;3 549;2 231 299;7 379;1 320 854;2 446 514;12 917;215 208;233 502;495 839;610 197;-5 706;-4 937;-2 892;4 040;5 537;;;;;;;;
1989;4;897 086;11 426;2 223 920;17 844;1 316 814;2 433 597;23 202;209 671;239 208;500 776;613 089;6 267;6 875;8 932;6 323;5 357;;;;;;;;
1989;3;885 660;1 692;2 206 075;5 586;1 310 490;2 410 395;12 631;204 314;232 941;493 901;604 157;2 139;1 483;4 527;3 659;7 045;;;;;;;;
1989;2;883 968;-10 310;2 200 490;-5 601;1 306 832;2 397 765;4 617;197 269;230 802;492 418;599 630;-9 473;-9 106;-2 043;4 891;10 218;;;;;;;;
1989;1;894 278;-31 348;2 206 091;-26 871;1 301 940;2 393 148;-16 880;187 051;240 275;501 524;601 673;-9 490;-8 878;-6 391;5 093;9 991;;;;;;;;
1988;12;925 626;37 979;2 232 962;73 128;1 296 848;2 410 028;68 102;177 060;249 765;510 402;608 064;15 960;21 709;18 852;34 249;-5 027;;;;;;;;
1988;11;887 646;15 966;2 159 833;19 175;1 262 599;2 341 926;22 229;182 087;233 806;488 694;589 213;-1 481;-2 994;-1 947;3 356;3 055;;;;;;;;
1988;10;871 681;14 218;2 140 658;21 030;1 259 243;2 319 697;25 433;179 032;235 287;491 688;591 160;7 569;7 345;10 121;6 664;4 403;;;;;;;;
1988;9;857 462;3 254;2 119 628;7 040;1 252 579;2 294 264;12 050;174 630;227 718;484 343;581 039;484;722;4 124;3 560;5 010;;;;;;;;
1988;8;854 208;-20 112;2 112 587;-9 059;1 249 019;2 282 214;-3 239;169 620;227 234;483 621;576 915;-9 325;-6 567;-2 043;11 307;5 820;;;;;;;;
1988;7;874 320;10 051;2 121 646;19 239;1 237 712;2 285 453;20 701;163 800;236 559;490 188;578 958;6 652;9 080;10 371;9 007;1 462;;;;;;;;
1988;6;864 269;21 035;2 102 407;20 974;1 228 704;2 264 752;17 958;162 338;229 907;481 108;568 587;6 179;5 602;2 986;-263;-3 017;;;;;;;;
1988;5;843 234;10 569;2 081 433;13 578;1 228 967;2 246 794;17 860;165 355;223 729;475 507;565 602;-3 619;-4 161;-1 316;3 071;4 282;;;;;;;;
1988;4;832 665;14 839;2 067 855;19 744;1 225 896;2 228 934;25 476;161 073;227 347;479 667;566 917;5 980;5 937;11 663;4 779;5 733;;;;;;;;
1988;3;817 826;-2 423;2 048 111;-3 680;1 221 118;2 203 458;-1 193;155 340;221 367;473 730;555 254;963;325;1 789;-1 275;2 487;;;;;;;;
1988;2;820 249;-11 264;2 051 791;-10 302;1 222 393;2 204 651;-4 556;152 853;220 404;473 405;553 465;-12 725;-12 263;-7 792;1 185;5 746;;;;;;;;
1988;1;831 513;-21 865;2 062 093;-18 842;1 221 208;2 209 206;-12 374;147 106;233 129;485 668;561 257;-6 836;-7 026;-2 778;3 408;6 467;;;;;;;;
1987;12;853 378;27 543;2 080 935;61 349;1 217 801;2 221 581;58 810;140 639;239 964;492 693;564 034;15 685;22 693;21 514;33 054;-2 539;;;;;;;;
1987;11;825 835;21 050;2 019 586;21 286;1 184 747;2 162 770;26 349;143 177;224 280;470 001;542 521;-2 532;-3 678;-810;177;5 062;;;;;;;;
1987;10;804 785;-493;1 998 300;8 439;1 184 570;2 136 421;11 342;138 115;226 812;473 679;543 331;3 480;5 092;8 674;8 851;2 903;;;;;;;;
1987;9;805 278;11 683;1 989 861;12 340;1 175 719;2 125 079;15 977;135 213;223 332;468 587;534 657;4 037;5 552;7 944;452;3 637;;;;;;;;
1987;8;793 595;-7 199;1 977 521;-1 633;1 175 266;2 109 102;6 161;131 575;219 295;463 035;526 713;-9 469;-7 287;-1 318;5 734;7 794;;;;;;;;
1987;7;800 794;-7 663;1 979 154;147;1 169 532;2 102 941;3 865;123 782;228 764;470 322;528 031;270;2 597;6 202;7 737;3 718;;;;;;;;
1987;6;808 457;23 470;1 979 006;20 861;1 161 795;2 099 076;17 167;120 063;228 494;467 725;521 829;7 015;7 555;7 123;-2 783;-3 694;;;;;;;;
1987;5;784 987;8 349;1 958 145;12 511;1 164 578;2 081 909;18 014;123 757;221 479;460 170;514 706;-3 031;-4 266;-837;4 183;5 504;;;;;;;;
1987;4;776 638;9 414;1 945 635;10 991;1 160 395;2 063 895;14 761;118 253;224 510;464 436;515 543;4 912;5 153;8 457;1 461;3 771;;;;;;;;
1987;3;767 224;8 329;1 934 644;5 921;1 158 933;2 049 133;8 642;114 484;219 598;459 283;507 086;2 191;1 198;5 125;-2 440;2 721;;;;;;;;
1987;2;758 895;-9 734;1 928 723;-7 240;1 161 374;2 040 491;-2 265;111 762;217 406;458 084;501 960;-8 268;-8 990;-5 432;2 668;4 975;;;;;;;;
1987;1;768 629;-27 320;1 935 963;-19 359;1 158 706;2 042 756;-16 197;106 787;225 675;467 075;507 393;-4 994;-4 768;-2 007;8 345;3 163;;;;;;;;
1986;12;795 950;29 819;1 955 323;61 697;1 150 360;2 058 954;58 990;103 625;230 669;471 843;509 400;11 550;18 570;19 283;31 033;-2 707;;;;;;;;
1986;11;766 131;23 390;1 893 626;25 563;1 119 326;1 999 964;26 504;106 332;219 119;453 273;490 117;1 284;-1 147;186;2 038;941;;;;;;;;
1986;10;742 741;-3 335;1 868 063;6 707;1 117 288;1 973 460;8 512;105 391;217 835;454 420;489 931;490;87;1 421;9 972;1 805;;;;;;;;
1986;9;746 076;12 024;1 861 356;15 470;1 107 316;1 964 948;15 600;103 586;217 345;454 333;488 510;2 283;3 100;4 893;3 231;130;;;;;;;;
1986;8;734 051;-8 575;1 845 886;920;1 104 084;1 949 348;1 273;103 456;215 062;451 233;483 617;-4 378;-3 149;-1 591;9 602;352;;;;;;;;
1986;7;742 626;528;1 844 966;8 508;1 094 482;1 948 075;6 701;103 104;219 440;454 382;485 208;1 965;3 212;4 409;7 932;-1 807;;;;;;;;
1986;6;742 099;19 459;1 836 457;22 045;1 086 549;1 941 374;21 706;104 912;217 476;451 171;480 800;5 496;5 163;5 975;2 492;-339;;;;;;;;
1986;5;722 640;6 398;1 814 413;4 052;1 084 057;1 919 668;5 907;105 250;211 980;446 008;474 825;-431;-3 807;-1 973;-2 332;1 854;;;;;;;;
1986;4;716 241;-809;1 810 360;-5 150;1 086 391;1 913 761;-3 589;103 395;212 410;449 814;476 797;-1 254;-1 179;5;-4 364;1 562;;;;;;;;
1986;3;717 050;21 056;1 815 511;15 434;1 090 754;1 917 350;17 658;101 834;213 664;450 993;476 792;10 655;9 599;10 835;-5 696;2 225;;;;;;;;
1986;2;695 994;-3 542;1 800 077;-5 842;1 096 450;1 899 691;-4 236;99 609;203 009;441 394;465 957;-1 372;-3 013;-2 191;-2 172;1 606;;;;;;;;
1986;1;699 536;-33 296;1 805 918;-27 682;1 098 622;1 903 927;-24 021;98 004;204 382;444 408;468 149;-12 437;-11 443;-10 601;5 917;3 661;;;;;;;;
1985;12;732 832;36 852;1 833 601;70 565;1 092 706;1 927 949;70 226;94 342;216 819;455 851;478 750;13 179;20 733;21 032;32 948;-340;;;;;;;;
1985;11;693 520;13 117;1 750 093;11 091;1 049 276;1 844 729;12 331;94 632;203 640;435 118;457 718;4;-3 091;-2 691;-2 103;1 240;;;;;;;;
1985;10;680 403;-697;1 739 002;1 654;1 051 379;1 832 399;1 564;93 392;203 636;438 209;460 409;2 136;1 628;1 946;2 337;-90;;;;;;;;
1985;9;681 100;17 910;1 737 348;17 055;1 049 042;1 830 835;17 173;93 482;201 500;436 581;458 463;5 206;6 598;7 631;-1 005;118;;;;;;;;
1985;8;663 190;-14 576;1 720 292;-8 925;1 050 047;1 813 662;-8 291;93 364;196 294;429 983;450 832;-5 875;-5 181;-4 126;5 742;634;;;;;;;;
1985;7;677 765;-832;1 729 218;2 530;1 044 305;1 821 954;4 229;92 731;202 169;435 164;454 958;-543;1 514;2 598;3 264;1 699;;;;;;;;
1985;6;678 598;24 192;1 726 687;23 566;1 041 040;1 817 725;24 273;91 032;202 713;433 651;452 361;8 724;8 635;9 416;-802;707;;;;;;;;
1985;5;654 406;-2 826;1 703 121;-3 487;1 041 842;1 793 452;-1 813;90 325;193 989;425 016;442 945;-5 053;-8 275;-7 504;-537;1 675;;;;;;;;
1985;4;657 232;1 682;1 706 608;6 099;1 042 379;1 795 264;5 568;88 650;199 042;433 291;450 449;2 653;2 611;3 386;4 385;-531;;;;;;;;
1985;3;655 550;3 353;1 700 509;4 199;1 037 992;1 789 697;8 225;89 182;196 389;430 680;447 063;4 067;3 345;4 467;812;4 026;;;;;;;;
1985;2;652 197;-5 540;1 696 310;3 056;1 037 181;1 781 472;6 015;85 156;192 322;427 335;442 596;-2 898;-4 297;-3 328;8 767;2 960;;;;;;;;
1985;1;657 737;-24 699;1 693 254;-17 612;1 028 414;1 775 457;-13 345;82 197;195 220;431 632;445 924;-10 434;-9 254;-8 283;7 293;4 268;;;;;;;;
1984;12;682 436;42 238;1 710 866;76 055;1 021 119;1 788 802;75 524;77 930;205 654;440 886;454 207;16 465;26 115;28 050;32 949;-531;;;;;;;;
1984;11;640 198;9 621;1 634 811;11 498;988 171;1 713 278;11 242;78 462;189 190;414 772;426 158;-1 518;-2 940;-2 526;1 873;-256;;;;;;;;
1984;10;630 577;-2 154;1 623 313;54;986 298;1 702 035;-1 199;78 717;190 708;417 712;428 684;1 585;1 645;2 060;2 150;-1 253;;;;;;;;
1984;9;632 731;18 224;1 623 258;26 302;984 148;1 703 234;26 741;79 971;189 122;416 066;426 623;6 260;8 226;9 008;7 904;439;;;;;;;;
1984;8;614 507;-13 280;1 596 957;-4 688;976 245;1 676 493;-3 723;79 531;182 863;407 841;417 616;-2 984;-2 107;-1 322;8 688;965;;;;;;;;
1984;7;627 787;1 399;1 601 644;10 746;967 556;1 680 216;12 325;78 567;185 846;409 947;418 937;-1 699;1 249;2 029;9 274;1 579;;;;;;;;
1984;6;626 388;12 819;1 590 898;14 023;958 282;1 667 891;14 447;76 988;187 545;408 698;416 908;7 251;9 130;9 653;1 051;424;;;;;;;;
1984;5;613 569;4 102;1 576 875;8 879;957 230;1 653 444;9 782;76 564;180 295;399 569;407 256;-1 621;-3 318;-2 790;4 850;902;;;;;;;;
1984;4;609 466;9 151;1 567 996;12 871;952 380;1 643 663;13 259;75 662;181 915;402 886;410 045;3 506;3 781;4 304;3 714;388;;;;;;;;
1984;3;600 316;-2 010;1 555 125;-1 194;948 667;1 630 403;50;75 274;178 409;399 105;405 741;2 044;2 882;3 444;761;1 245;;;;;;;;
1984;2;602 326;-6 752;1 556 319;-4 485;947 906;1 630 353;-3 647;74 029;176 366;396 224;402 298;-2 807;-3 718;-3 160;2 415;838;;;;;;;;
1984;1;609 078;-19 605;1 560 804;-18 457;945 491;1 634 000;-13 632;73 191;179 173;399 942;405 458;-8 023;-6 557;-6 002;1 428;4 825;;;;;;;;
1983;12;628 682;26 640;1 579 262;63 206;944 063;1 647 633;63 531;68 366;187 196;406 499;411 460;12 599;21 296;21 593;35 791;324;;;;;;;;
1983;11;602 042;12 173;1 516 055;15 669;908 274;1 584 102;16 587;68 042;174 597;385 203;389 867;-429;664;949;3 539;918;;;;;;;;
1983;10;589 869;6 769;1 500 386;13 084;904 733;1 567 514;14 415;67 124;175 026;384 539;388 918;4 580;8 160;8 449;6 269;1 331;;;;;;;;
1983;9;583 100;3 413;1 487 302;4 482;898 465;1 553 100;5 233;65 792;170 446;376 379;380 469;3 266;3 753;4 050;951;752;;;;;;;;
1983;8;579 688;-11 497;1 482 821;-4 270;897 514;1 547 866;-4 250;65 041;167 181;372 627;376 420;-5 874;-4 527;-4 234;7 299;21;;;;;;;;
1983;7;591 184;2 829;1 487 091;12 619;890 215;1 552 116;13 448;65 020;173 055;377 154;380 654;2 032;4 427;4 721;9 647;829;;;;;;;;
1983;6;588 355;15 379;1 474 472;13 848;880 568;1 538 668;14 553;64 191;171 023;372 727;375 933;4 144;4 818;5 033;-1 726;705;;;;;;;;
1983;5;572 976;10 565;1 460 624;10 177;882 294;1 524 115;10 746;63 486;166 878;367 908;370 899;1 176;-270;-53;-313;568;;;;;;;;
1983;4;562 411;6 197;1 450 447;9 215;882 607;1 513 369;9 342;62 918;165 702;368 178;370 952;3 237;5 047;5 261;2 999;126;;;;;;;;
1983;3;556 214;-2 442;1 441 231;-3 370;879 609;1 504 028;-3 149;62 792;162 465;363 131;365 691;-464;-134;20;-888;221;;;;;;;;
1983;2;558 656;-1 796;1 444 602;2 286;880 496;1 507 177;1 690;62 571;162 929;363 265;365 671;-1 862;-1 557;-1 398;4 158;-596;;;;;;;;
1983;1;560 452;-10 126;1 442 316;-7 602;876 338;1 505 487;-6 166;63 167;164 791;364 822;367 069;-4 106;-1 755;-1 597;2 778;1 436;;;;;;;;
1982;12;570 578;17 581;1 449 918;57 957;873 560;1 511 653;60 977;61 731;168 897;366 577;368 666;7 437;15 576;15 674;39 765;3 020;;;;;;;;
1982;11;552 998;15 175;1 391 960;13 522;833 794;1 450 676;14 423;58 711;161 460;351 001;352 992;-2 680;-3 166;-3 067;-1 827;901;;;;;;;;
1982;10;537 823;3 056;1 378 438;8 117;835 622;1 436 253;8 179;57 810;164 140;354 167;356 059;4 598;6 106;6 205;4 978;62;;;;;;;;
1982;9;534 767;8 443;1 370 321;11 776;830 644;1 428 074;12 356;57 748;159 541;348 060;349 853;3 452;5 151;5 274;3 217;580;;;;;;;;
1982;8;526 324;-1 748;1 358 546;4 141;827 427;1 415 718;4 408;57 168;156 089;342 909;344 579;-2 580;-1 799;-1 671;5 976;267;;;;;;;;
1982;7;528 072;-4 356;1 354 405;6 279;821 451;1 411 310;6 488;56 901;158 669;344 708;346 250;1 050;2 962;3 084;10 536;209;;;;;;;;
1982;6;532 429;13 413;1 348 126;14 619;810 914;1 404 822;20 529;56 693;157 619;341 746;343 166;3 777;6 209;6 358;1 067;5 910;;;;;;;;
1982;5;519 015;10 632;1 333 507;12 192;809 847;1 384 293;12 439;50 782;153 842;335 537;336 808;2 528;1 486;1 639;1 599;248;;;;;;;;
1982;4;508 383;2 243;1 321 315;8 069;808 248;1 371 854;5 037;50 535;151 313;334 050;335 168;1 527;2 286;2 431;5 790;-3 032;;;;;;;;
1982;3;506 140;447;1 313 246;4 348;802 457;1 366 817;6 055;53 567;149 786;331 764;332 737;322;2 929;3 024;3 936;1 706;;;;;;;;
1982;2;505 693;-2 492;1 308 897;4 388;798 521;1 360 762;5 324;51 861;149 464;328 835;329 713;-1 305;-139;-40;6 922;936;;;;;;;;
1982;1;508 185;-10 950;1 304 509;-3 798;791 599;1 355 438;-1 468;50 924;150 769;328 974;329 753;-4 536;-1 242;-1 147;7 350;2 330;;;;;;;;
1981;12;519 135;16 007;1 308 307;52 216;784 248;1 356 906;52 293;48 596;155 306;330 217;330 901;7 669;14 901;14 981;35 624;76;;;;;;;;
1981;11;503 127;14 503;1 256 091;16 967;748 625;1 304 614;18 100;48 519;147 637;315 316;315 920;-452;-616;-587;2 446;1 132;;;;;;;;
1981;10;488 624;-3 015;1 239 123;3 612;746 180;1 286 514;3 813;47 387;148 089;315 932;316 507;1 756;4 999;5 033;6 620;201;;;;;;;;
1981;9;491 639;8 702;1 235 511;12 983;739 559;1 282 701;14 077;47 186;146 333;310 933;311 474;7 033;10 138;10 172;4 204;1 094;;;;;;;;
1981;8;482 938;-3 514;1 222 528;-1 612;735 354;1 268 624;-814;46 093;139 300;300 795;301 302;-2 466;-5 881;-5 866;2 030;798;;;;;;;;
1981;7;486 452;-8 487;1 224 139;-189;733 324;1 269 438;1 072;45 295;141 766;306 676;307 168;136;684;699;8 280;1 261;;;;;;;;
1981;6;494 939;8 782;1 224 328;8 000;725 044;1 268 366;9 950;44 034;141 630;305 992;306 469;2 824;4 158;4 177;-835;1 950;;;;;;;;
1981;5;486 156;8 947;1 216 328;14 339;725 878;1 258 416;15 986;42 084;138 806;301 834;302 292;1 414;1 959;1 966;5 423;1 647;;;;;;;;
1981;4;477 209;629;1 201 989;6 913;720 455;1 242 430;7 384;40 437;137 391;299 874;300 325;2 912;4 518;4 525;6 294;470;;;;;;;;
1981;3;476 580;1 400;1 195 076;3 629;714 161;1 235 046;8 107;39 967;134 480;295 357;295 801;436;1 478;1 487;2 225;4 479;;;;;;;;
1981;2;475 181;-1 327;1 191 447;5 651;711 935;1 226 939;7 008;35 488;134 044;293 879;294 314;-723;6;8;6 967;1 356;;;;;;;;
1981;1;476 508;-16 142;1 185 796;-12 247;704 970;1 219 931;-10 529;34 131;134 767;293 873;294 306;-5 306;-2 449;-2 446;4 044;1 718;;;;;;;;
1980;12;492 650;10 663;1 198 043;43 796;700 925;1 230 460;43 832;32 413;140 073;296 322;296 752;6 115;11 997;12 003;32 643;36;;;;;;;;
1980;11;481 987;17 255;1 154 247;25 324;668 282;1 186 628;26 981;32 377;133 958;284 325;284 749;1 292;2 304;2 306;8 007;1 658;;;;;;;;
1980;10;464 732;-1 270;1 128 923;4 831;660 275;1 159 646;4 554;30 719;132 666;282 021;282 443;1 876;3 302;3 304;6 030;-277;;;;;;;;
1980;9;466 001;6 738;1 124 092;6 570;654 245;1 155 093;7 219;30 997;130 790;278 719;279 139;3 307;4 922;4 924;-170;649;;;;;;;;
1980;8;459 264;-6 780;1 117 522;-46;654 415;1 147 873;-275;30 347;127 483;273 797;274 215;-2 076;-1 118;-1 116;6 809;-229;;;;;;;;
1980;7;466 043;-1 123;1 117 568;5 517;647 607;1 148 148;5 728;30 576;129 559;274 915;275 331;151;2 051;2 052;6 587;210;;;;;;;;
1980;6;467 166;14 880;1 112 051;14 423;641 020;1 142 421;14 850;30 366;129 408;272 864;273 279;3 792;5 259;5 262;-538;427;;;;;;;;
1980;5;452 286;3 340;1 097 628;5 559;641 557;1 127 571;5 886;29 940;125 616;267 605;268 017;52;-387;-384;2 267;326;;;;;;;;
1980;4;448 946;1 095;1 092 068;2 006;639 290;1 121 685;2 152;29 614;125 564;267 992;268 401;1 758;2 074;2 074;870;146;;;;;;;;
1980;3;447 850;7 777;1 090 062;10 039;638 420;1 119 533;12 142;29 468;123 806;265 918;266 327;2 267;2 632;2 635;2 207;2 103;;;;;;;;
1980;2;440 074;-4 779;1 080 023;-257;636 213;1 107 391;284;27 365;121 539;263 286;263 692;-2 038;-1 177;-1 174;4 533;541;;;;;;;;
1980;1;444 852;;1 080 280;;631 679;1 107 107;;26 824;123 577;264 463;264 866;;;;;;;;;;;;;
