Libellé;;Indices harmonisés des prix à la consommation - Indice d'ensemble - Indice (2005=100) - Allemagne;Indices harmonisés des prix à la consommation - Indice d'ensemble - Indice (2005=100) - Zone euro;Indices harmonisés des prix à la consommation - Indice d'ensemble - Indice (2005=100) - France;Indices harmonisés des prix à la consommation - Indice d'ensemble - Indice (2005=100) - Royaume-Uni;Indices harmonisés des prix à la consommation - Indice d'ensemble, énergie et aliments non traités exclus - Indice (2005=100) - France;Indices harmonisés des prix à la consommation - Indice d'ensemble, énergie et aliments non traités exclus - Indice (2005=100) - Royaume-Uni;Indices harmonisés des prix à la consommation - Transport - Indice (2005=100) - Allemagne;Indices harmonisés des prix à la consommation - Transport - Indice (2005=100) - Zone euro;Indices harmonisés des prix à la consommation - Transport - Indice (2005=100) - France;Indices harmonisés des prix à la consommation - Transport - Indice (2005=100) - Royaume-Uni;Indices harmonisés des prix à la consommation - Indice d'ensemble, énergie et aliments saisonniers exclus - Indice (2005=100) - Allemagne;Indices harmonisés des prix à la consommation - Indice d'ensemble, énergie et aliments saisonniers exclus - Indice (2005=100) - Zone euro;Indices harmonisés des prix à la consommation - Indice d'ensemble, énergie et aliments saisonniers exclus - Indice (2005=100) - France;Indices harmonisés des prix à la consommation - Indice d'ensemble sans énergie, produits alimentaires, alcool et tabac - Indice (2005=100) - Allemagne;Indices harmonisés des prix à la consommation - Indice d'ensemble sans énergie, produits alimentaires, alcool et tabac - Indice (2005=100) - Zone euro;Indices harmonisés des prix à la consommation - Indice d'ensemble sans énergie, produits alimentaires, alcool et tabac - Indice (2005=100) - France;Indices harmonisés des prix à la consommation - Indice d'ensemble sans énergie, produits alimentaires, alcool et tabac - Indice (2005=100) - Royaume-Uni;Indices harmonisés des prix à la consommation - Indice d'ensemble, énergie exclue - Indice (2005=100) - Allemagne;Indices harmonisés des prix à la consommation - Indice d'ensemble, énergie exclue - Indice (2005=100) - Zone euro;Indices harmonisés des prix à la consommation - Indice d'ensemble, énergie exclue - Indice (2005=100) - France;Indices harmonisés des prix à la consommation - Indice d'ensemble, énergie exclue - Indice (2005=100) - Royaume-Uni;Indices harmonisés des prix à la consommation - Indice d'ensemble, énergie et aliments non traités exclus - Indice (2005=100) - Allemagne;Indices harmonisés des prix à la consommation - Indice d'ensemble, énergie et aliments non traités exclus - Indice (2005=100) - Zone euro;Indices harmonisés des prix à la consommation - Indice d'ensemble, énergie et aliments saisonniers exclus - Indice (2005=100) - Royaume-Uni;Indices harmonisés des prix à la consommation - Indice d'ensemble sans tabac - Indice (2005=100) - Allemagne;Indices harmonisés des prix à la consommation - Indice d'ensemble sans tabac - Indice (2005=100) - Zone euro;Indices harmonisés des prix à la consommation - Indice d'ensemble sans tabac - Indice (2005=100) - France;Indices harmonisés des prix à la consommation - Indice d'ensemble sans tabac - Indice (2005=100) - Royaume-Uni;Indices harmonisés des prix à la consommation - Énergie - Indice (2005=100) - Allemagne;Indices harmonisés des prix à la consommation - Énergie - Indice (2005=100) - Zone euro;Indices harmonisés des prix à la consommation - Énergie - Indice (2005=100) - France;Indices harmonisés des prix à la consommation - Énergie - Indice (2005=100) - Royaume-Uni;Indices harmonisés des prix à la consommation - Total des biens - Indice (2005=100) - Allemagne (incluant l'ex-RDA à partir de 1991);Indices harmonisés des prix à la consommation - Total des biens - Indice (2005=100) - Zone euro (EA11-2000, EA12-2006, EA13-2007, EA15-2008, EA16);Indices harmonisés des prix à la consommation - Total des biens - Indice (2005=100) - France;Indices harmonisés des prix à la consommation - Total des biens - Indice (2005=100) - Royaume-Uni;Indices harmonisés des prix à la consommation - Total des services - Indice (2005=100) - Allemagne (incluant l'ex-RDA à partir de 1991);Indices harmonisés des prix à la consommation - Total des services - Indice (2005=100) - Zone euro (EA11-2000, EA12-2006, EA13-2007, EA15-2008, EA16);Indices harmonisés des prix à la consommation - Total des services - Indice (2005=100) - France;Indices harmonisés des prix à la consommation - Total des services - Indice (2005=100) - Royaume-Uni
IdBank;;001507811;001507813;001507822;001507841;001508112;001508131;001508185;001508187;001508274;001508294;001508555;001508557;001508566;001508809;001508811;001508820;001508897;001509146;001509148;001509214;001509233;001509498;001509500;001509718;001509796;001509798;001509807;001509826;001509904;001509906;001509915;001509934;001584316;001584322;001584329;001584373;001584564;001584570;001584577;001584622
Année;Mois
2014;12;116,30;117,69;115,47;128,20;113,24;122,70;116,80;120,62;120,27;133,70;114,10;115,66;113,66;112,20;113,86;112,54;119,70;114,20;115,79;113,79;123,70;113,80;115,45;123,10;115,90;117,01;114,88;125,90;132,60;135,75;133,09;175,30;117,30;117,03;113,06;120,50;115,00;118,52;118,81;135,40
2014;11;116,20;117,80;115,39;128,20;112,82;122,50;118,50;121,90;120,54;133,90;113,50;115,33;113,25;111,50;113,46;112,02;119,50;113,60;115,47;113,40;123,50;113,20;115,11;122,90;115,80;117,12;114,79;126,00;137,90;140,37;136,44;179,00;118,30;117,86;113,50;120,90;113,80;117,68;118,01;135,00
2014;10;116,20;118,01;115,58;128,50;112,96;122,80;119,50;123,40;122,13;135,60;113,30;115,41;113,37;111,20;113,55;112,19;119,70;113,40;115,51;113,54;123,80;113,00;115,20;123,20;115,80;117,35;114,99;126,30;139,50;142,33;137,22;180,90;118,60;118,10;113,71;121,30;113,40;117,86;118,18;135,20
2014;9;116,60;118,08;115,55;128,40;113,06;122,50;120,20;124,23;122,40;137,10;113,50;115,40;113,47;111,50;113,54;112,29;119,40;113,60;115,47;113,53;123,50;113,20;115,18;123,00;116,20;117,43;114,95;126,20;141,50;143,60;136,90;182,60;119,00;118,04;113,62;121,40;113,80;118,10;118,22;134,70
2014;8;116,60;117,57;115,97;128,30;113,67;122,40;120,20;125,61;124,05;140,50;113,60;114,89;114,06;111,60;112,92;112,98;119,30;113,70;114,92;113,97;123,40;113,30;114,64;122,80;116,30;116,91;115,39;126,10;141,30;143,39;137,20;183,10;118,20;116,18;112,83;120,80;114,70;119,37;120,33;135,30
2014;7;116,60;117,43;115,42;127,80;112,77;121,80;120,70;125,50;124,37;139,30;113,40;114,58;113,20;111,40;112,55;111,92;118,70;113,50;114,69;113,27;122,80;113,10;114,32;122,20;116,30;116,78;114,82;125,70;142,10;144,19;138,30;184,20;118,30;116,20;112,11;120,40;114,50;119,02;120,00;134,80
2014;6;116,30;118,20;115,87;128,30;113,21;122,30;120,40;124,59;122,92;137,60;112,90;115,34;113,61;110,90;113,50;112,40;119,20;113,10;115,51;113,77;123,30;112,60;115,11;122,70;115,90;117,57;115,28;126,10;142,40;144,53;138,12;183,80;118,70;118,38;113,93;121,70;113,30;117,93;118,55;134,10
2014;5;115,80;118,07;115,92;128,00;113,24;122,00;119,90;123,93;122,45;136,80;112,50;115,22;113,64;110,40;113,35;112,41;118,90;112,70;115,40;113,82;123,10;112,20;115,00;122,50;115,50;117,44;115,33;125,90;141,70;144,20;138,18;183,70;118,80;118,57;114,26;121,60;112,30;117,38;118,23;133,70
2014;4;116,10;118,20;115,89;128,10;113,22;122,00;119,70;124,32;123,05;137,70;112,70;115,33;113,61;110,70;113,50;112,36;118,90;113,00;115,53;113,71;123,20;112,40;115,11;122,50;115,70;117,57;115,30;126,00;141,70;144,30;139,04;183,50;118,90;118,65;114,29;121,60;112,60;117,58;118,10;133,80
2014;3;116,40;118,02;115,92;127,70;113,20;121,50;118,90;123,30;121,90;135,10;113,10;115,11;113,59;111,20;113,21;112,34;118,40;113,40;115,32;113,73;122,70;112,80;114,87;121,90;116,00;117,39;115,33;125,70;140,70;144,42;139,25;184,20;118,90;118,45;114,33;121,80;113,30;117,42;118,12;132,60
2014;2;116,00;116,92;115,33;127,40;112,44;121,10;119,00;123,41;122,64;135,10;112,60;113,77;112,88;110,60;111,59;111,48;117,90;113,00;114,07;113,01;122,40;112,30;113,46;121,60;115,70;116,28;114,73;125,40;141,20;144,92;140,11;184,70;118,50;116,70;113,57;121,50;113,10;117,19;117,78;132,30
2014;1;115,40;116,57;114,63;126,70;111,60;120,40;118,70;123,23;122,23;134,70;111,90;113,32;112,07;109,80;111,07;110,53;117,20;112,30;113,69;112,26;121,70;111,50;113,00;120,90;115,00;115,93;114,05;124,70;140,80;144,84;139,93;184,90;118,20;116,51;112,75;120,70;112,00;116,60;117,23;132,00
2013;12;116,20;117,88;115,37;127,50;112,55;121,20;119,20;123,49;122,05;135,60;112,80;114,88;112,97;110,90;113,02;111,75;118,30;113,20;115,13;113,17;122,50;112,50;114,63;121,70;115,90;117,28;114,86;125,50;141,80;144,86;138,77;186,00;118,60;118,48;114,20;121,80;113,40;117,07;116,99;132,40
2013;11;115,60;117,47;114,93;127,00;112,17;121,10;118,60;122,49;120,66;134,20;112,40;114,61;112,61;110,50;112,71;111,28;118,10;112,60;114,75;112,78;122,40;112,10;114,35;121,60;115,30;116,86;114,42;125,10;141,20;144,05;137,78;179,30;118,40;118,29;113,99;121,20;112,30;116,34;116,25;132,00
2013;10;115,40;117,56;114,97;126,90;112,16;121,00;119,20;123,36;121,45;134,90;112,00;114,61;112,59;110,00;112,74;111,27;118,00;112,10;114,74;112,76;122,20;111,60;114,36;121,50;115,00;116,96;114,46;125,00;142,50;145,19;138,61;180,40;118,50;118,39;113,94;121,00;111,60;116,43;116,42;132,00
2013;9;115,70;117,71;115,13;126,80;112,21;120,70;120,20;124,37;121,99;137,00;112,10;114,54;112,63;110,20;112,69;111,30;117,70;112,20;114,72;112,80;121,90;111,70;114,28;121,20;115,30;117,11;114,62;124,90;144,50;147,02;140,10;183,10;118,60;118,37;114,19;121,20;112,10;116,79;116,44;131,70
2013;8;115,70;117,14;115,36;126,40;112,48;120,20;120,20;125,27;123,33;138,90;112,10;113,86;112,90;110,30;111,87;111,59;117,20;112,30;114,17;113,13;121,40;111,80;113,57;120,70;115,40;116,53;114,85;124,50;144,00;146,33;139,07;183,20;117,90;116,57;113,46;120,20;113,10;117,88;118,00;131,80
2013;7;115,70;116,99;114,78;125,80;111,84;119,80;120,20;124,60;123,16;137,50;112,00;113,65;112,27;110,10;111,66;110,92;116,70;112,30;114,08;112,67;121,00;111,60;113,37;120,20;115,40;116,39;114,30;124,00;144,20;145,61;137,20;182,00;118,10;116,56;112,63;119,50;112,90;117,55;117,77;131,50
2013;6;115,20;117,61;115,18;125,90;112,19;119,90;119,40;123,36;121,54;136,30;111,50;114,38;112,59;109,70;112,63;111,40;116,90;111,90;114,88;113,14;121,10;111,10;114,14;120,40;115,00;117,07;114,76;124,10;142,80;144,39;136,78;181,40;118,30;118,48;114,38;120,20;111,60;116,43;116,31;130,90
2013;5;115,10;117,49;114,98;126,10;112,03;120,20;119,40;123,05;121,38;136,20;111,30;114,32;112,44;109,60;112,58;111,24;117,10;111,80;114,76;112,92;121,40;110,90;114,08;120,60;114,80;116,95;114,55;124,30;142,80;144,22;136,75;180,80;118,40;118,52;114,23;120,60;111,10;116,08;116,02;130,80
2013;4;114,80;117,36;114,92;125,90;111,84;119,80;119,70;123,72;122,49;135,60;110,90;114,11;112,23;109,20;112,36;111,00;116,70;111,40;114,45;112,59;121,00;110,60;113,87;120,20;114,50;116,82;114,50;124,10;143,50;145,98;139,94;183,00;118,40;118,57;114,41;120,70;110,40;115,72;115,64;130,30
2013;3;115,40;117,47;115,06;125,60;111,94;119,40;118,90;123,94;122,76;136,50;111,80;114,13;112,32;110,20;112,40;111,11;116,50;112,20;114,42;112,60;120,60;111,50;113,89;119,80;115,20;116,94;114,64;123,90;142,80;147,45;141,42;184,70;118,20;118,41;114,46;120,70;112,10;116,19;115,89;129,60
2013;2;114,90;116,09;114,12;125,20;110,93;119,00;120,00;123,97;122,39;135,70;111,00;112,52;111,35;109,30;110,50;109,94;116,00;111,30;112,83;111,57;120,20;110,70;112,21;119,40;114,60;115,55;113,68;123,50;144,90;148,38;141,57;183,50;117,70;116,37;113,12;120,20;111,40;115,70;115,51;129,30
2013;1;114,00;115,67;113,76;124,40;110,72;118,40;119,00;123,01;121,56;134,00;110,20;112,20;111,13;108,50;110,16;109,69;115,40;110,60;112,53;111,36;119,60;109,80;111,88;118,90;113,80;115,13;113,32;122,70;143,20;146,67;139,58;179,90;117,00;115,96;112,70;119,00;110,40;115,27;115,23;129,00
2012;12;114,80;116,89;114,41;125,00;111,68;119,00;119,00;123,01;121,30;134,90;111,50;113,85;112,05;110,10;112,22;110,83;116,40;111,80;114,04;112,26;120,20;111,20;113,61;119,50;114,50;116,39;113,98;123,30;139,90;144,84;137,23;180,10;116,80;117,62;113,72;119,90;112,30;115,89;115,37;129,30
2012;11;113,80;116,47;113,99;124,40;111,17;118,90;119,20;122,56;120,29;133,90;110,40;113,34;111,53;108,70;111,65;110,21;116,20;110,50;113,50;111,78;120,00;110,00;113,09;119,30;113,50;115,97;113,55;122,80;141,10;145,63;137,46;176,60;117,10;117,77;113,62;119,40;109,80;114,68;114,44;128,80
2012;10;114,00;116,71;114,19;124,20;111,25;118,80;120,20;124,13;121,45;135,30;110,40;113,41;111,59;108,90;111,81;110,31;116,10;110,50;113,55;111,86;119,70;110,10;113,20;119,20;113,70;116,21;113,75;122,60;142,60;147,76;138,96;176,50;117,10;117,88;113,72;119,00;110,10;115,08;114,80;128,70
2012;9;113,90;116,43;113,95;123,50;111,17;118,00;121,60;124,91;121,94;135,40;110,30;113,09;111,47;108,80;111,55;110,46;115,30;110,30;113,17;111,60;119,00;110,00;112,90;118,40;113,70;115,96;113,68;121,90;144,00;148,43;138,98;177,10;116,90;117,37;113,29;118,80;110,30;115,13;114,88;127,50
2012;8;113,90;115,59;114,24;123,10;111,54;117,60;120,80;125,18;123,44;137,20;110,40;112,31;111,83;109,00;110,65;110,88;114,90;110,50;112,41;111,88;118,60;110,10;112,11;118,00;113,70;115,11;113,98;121,40;142,50;146,82;139,38;174,80;116,10;115,16;112,44;117,50;111,30;116,21;116,94;128,00
2012;7;113,50;115,15;113,43;122,50;110,90;117,20;119,30;123,12;121,92;135,50;110,30;112,12;111,20;108,80;110,46;110,15;114,40;110,40;112,27;111,42;118,10;110,00;111,93;117,60;113,30;114,65;113,15;120,80;139,80;143,36;134,70;172,40;115,30;114,61;111,25;116,80;111,30;115,92;116,73;127,60
2012;6;113,10;115,75;114,02;122,30;111,46;117,00;118,50;122,14;120,83;134,10;109,80;112,83;111,73;108,40;111,34;110,84;114,40;110,10;113,06;112,09;118,00;109,60;112,67;117,40;112,80;115,28;113,75;120,80;138,40;142,15;134,37;173,10;115,80;116,47;113,03;117,30;109,80;114,77;115,44;126,70
2012;5;113,30;115,84;113,96;122,80;111,21;117,30;119,50;122,98;121,32;134,70;109,90;112,76;111,49;108,40;111,27;110,55;114,70;110,10;112,92;111,78;118,30;109,60;112,60;117,80;113,00;115,37;113,69;121,30;140,10;144,55;137,12;176,00;116,30;116,88;113,20;118,40;109,70;114,41;115,03;126,50
2012;4;113,50;116,00;114,02;122,90;111,13;117,30;120,70;124,21;122,36;135,80;109,90;112,73;111,39;108,50;111,28;110,47;114,60;110,10;112,89;111,59;118,20;109,70;112,59;117,60;113,30;115,55;113,75;121,40;142,00;146,60;139,92;179,00;116,70;117,11;113,29;118,80;109,70;114,47;115,04;126,20
2012;3;113,40;115,46;113,82;122,20;110,91;116,50;120,00;123,22;121,43;134,20;109,80;112,27;111,17;108,30;110,76;110,22;114,00;110,00;112,45;111,39;117,50;109,50;112,10;116,90;113,10;115,02;113,55;120,80;141,30;145,03;139,71;177,70;116,50;116,47;113,11;118,40;109,50;114,08;114,82;125,00
2012;2;112,90;113,99;112,77;121,80;109,98;116,20;118,50;121,58;120,48;133,20;109,50;110,85;110,29;108,00;109,10;109,14;113,60;109,70;111,05;110,39;117,30;109,30;110,63;116,60;112,60;113,53;112,48;120,50;139,20;142,78;138,16;176,40;115,40;114,03;111,51;118,00;109,80;113,94;114,63;124,80
2012;1;111,90;113,42;112,24;121,10;109,61;115,50;117,60;120,70;120,18;132,40;108,70;110,47;109,91;107,30;108,71;108,73;113,00;108,90;110,59;109,94;116,50;108,50;110,25;115,90;111,70;112,96;111,94;119,70;137,40;141,17;136,68;176,20;114,40;113,45;111,02;116,90;108,90;113,41;114,04;124,50
2011;12;112,50;114,35;112,69;121,70;110,41;116,10;116,70;119,52;119,24;133,40;109,80;111,95;110,66;108,50;110,57;109,74;113,80;109,80;111,97;110,71;117,20;109,60;111,80;116,50;112,30;113,91;112,40;120,40;134,90;137,64;133,64;175,80;114,00;114,73;111,71;117,60;110,60;113,85;114,10;125,00
2011;11;111,70;113,97;112,19;121,20;109,87;115,80;116,80;119,04;118,55;130,50;108,80;111,51;110,13;107,40;110,09;109,12;113,40;108,80;111,54;110,16;116,70;108,60;111,37;116,20;111,40;113,53;111,89;120,00;136,00;137,75;133,70;176,30;114,30;114,79;111,34;117,70;108,40;112,83;113,41;124,00
2011;10;111,70;113,87;111,85;121,00;109,62;115,70;117,00;119,19;118,58;131,20;108,90;111,55;109,88;107,60;110,19;108,97;113,30;108,90;111,52;109,92;116,50;108,80;111,41;116,10;111,50;113,44;111,61;119,70;135,30;136,86;132,29;175,70;114,10;114,41;110,92;117,30;108,70;113,12;113,18;124,00
2011;9;111,60;113,47;111,55;120,90;109,40;115,60;117,10;119,23;118,44;132,10;108,80;111,21;109,67;107,50;109,90;108,84;113,10;108,80;111,16;109,66;116,50;108,70;111,08;116,00;111,30;113,07;111,37;119,70;134,90;136,06;131,49;174,60;113,70;113,68;110,43;117,20;108,90;113,20;113,19;123,80
2011;8;111,40;112,65;111,58;120,10;109,57;115,20;116,20;119,40;118,32;134,90;108,90;110,39;109,83;107,70;108,98;109,05;112,80;108,90;110,38;109,79;116,10;108,80;110,23;115,60;111,20;112,25;111,40;118,80;132,80;134,86;130,57;166,70;112,70;111,62;109,58;115,40;109,90;114,14;114,61;124,30
2011;7;111,40;112,44;110,95;119,40;108,79;114,60;116,80;119,25;118,45;133,70;108,70;110,03;109,06;107,50;108,62;108,19;112,10;108,70;110,12;109,14;115,60;108,60;109,87;115,00;111,20;112,05;110,76;118,20;133,90;135,11;130,06;165,30;112,60;111,45;108,61;114,70;110,00;113,86;114,50;123,70
2011;6;110,90;113,08;111,50;119,40;109,36;114,60;116,20;118,43;117,90;132,90;108,20;110,78;109,57;107,00;109,64;108,92;112,20;108,30;110,94;109,75;115,50;108,10;110,68;114,90;110,70;112,73;111,32;118,20;133,10;133,98;130,06;165,90;112,80;113,30;110,21;115,30;108,70;112,81;113,43;123,00
2011;5;110,90;113,09;111,41;119,50;109,18;114,70;116,60;118,64;117,92;132,50;107,90;110,66;109,39;106,80;109,54;108,78;112,40;108,20;110,88;109,58;115,70;107,80;110,56;115,10;110,70;112,73;111,22;118,30;133,70;134,69;130,68;166,50;113,30;113,60;110,16;115,80;108,00;112,40;113,24;122,70
2011;4;111,10;113,09;111,33;119,30;109,03;114,60;116,70;119,10;118,75;133,50;108,00;110,59;109,22;107,00;109,56;108,71;112,40;108,20;110,79;109,31;115,40;107,90;110,51;114,90;110,90;112,74;111,15;118,10;134,50;135,56;132,77;165,70;113,30;113,51;110,12;115,20;108,40;112,51;113,12;122,80
2011;3;110,80;112,46;110,93;118,10;108,68;113,50;115,80;117,75;117,77;129,90;107,80;110,06;108,86;106,90;109,01;108,39;111,50;108,10;110,29;109,02;114,30;107,70;109,97;113,80;110,60;112,10;110,74;117,10;132,80;133,62;131,15;164,20;112,90;112,72;109,52;114,50;108,10;112,11;113,03;121,20
2011;2;110,10;110,96;109,97;117,80;107,95;113,20;113,90;116,22;116,92;128,40;107,50;108,71;108,14;106,50;107,47;107,63;111,10;107,80;108,97;108,25;114,20;107,40;108,58;113,60;109,90;110,57;109,76;116,80;129,10;130,34;128,19;161,30;111,60;110,31;108,09;114,10;108,20;111,90;112,81;121,00
2011;1;109,40;110,49;109,44;116,90;107,50;112,50;113,80;115,62;116,05;127,30;106,90;108,34;107,70;105,90;107,09;107,11;110,30;107,10;108,57;107,78;113,40;106,80;108,21;112,80;109,20;110,10;109,21;115,90;128,30;129,24;126,89;159,70;111,00;109,94;107,80;113,00;107,40;111,30;111,90;120,50
2010;12;110,00;111,29;109,75;116,80;108,25;112,60;113,10;114,53;114,61;126,10;108,00;109,70;108,40;107,30;108,80;108,01;110,80;108,20;109,83;108,51;113,60;107,90;109,62;112,90;109,80;110,93;109,53;115,90;125,00;125,49;122,61;155,80;110,80;111,03;108,15;113,00;109,00;111,68;112,15;120,30
2010;11;108,70;110,62;109,22;115,60;107,88;112,00;111,60;112,92;113,22;121,80;107,00;109,29;108,05;106,10;108,36;107,60;110,10;107,10;109,38;108,13;112,90;106,90;109,20;112,30;108,50;110,28;109,02;114,90;122,40;122,68;120,35;150,50;110,20;110,51;107,62;112,00;107,00;110,80;111,60;119,20
2010;10;108,60;110,52;109,07;115,20;107,90;111,70;111,40;112,64;112,98;121,80;107,10;109,32;108,05;106,20;108,46;107,77;109,90;107,10;109,36;108,07;112,50;107,00;109,24;112,00;108,40;110,19;108,96;114,50;121,70;121,72;119,24;149,10;109,70;110,13;107,26;111,10;107,40;111,10;111,79;119,30
2010;9;108,50;110,19;108,91;114,90;107,90;111,50;111,20;112,53;112,80;121,30;106,90;109,02;108,05;106,10;108,14;107,78;109,80;107,00;109,07;108,05;112,30;106,80;108,93;111,80;108,30;109,86;108,80;114,20;121,30;121,02;117,39;147,70;109,50;109,59;107,06;110,90;107,40;111,06;111,69;118,90
2010;8;108,70;109,85;108,95;114,90;108,03;111,30;111,10;112,99;113,05;125,60;107,20;108,66;108,19;106,40;107,70;107,90;109,60;107,20;108,73;108,15;112,10;107,10;108,56;111,60;108,50;109,52;108,84;114,10;120,80;120,66;116,81;148,30;108,90;108,41;106,51;110,10;108,40;111,90;112,61;119,70
2010;7;108,60;109,63;108,68;114,30;107,49;110,70;111,40;113,04;113,58;124,00;106,90;108,32;107,66;106,10;107,33;107,30;108,90;107,10;108,47;107,86;111,50;106,80;108,21;111,00;108,40;109,30;108,56;113,60;121,00;120,83;116,81;149,10;108,90;108,27;106,19;109,80;108,30;111,59;112,42;118,90
2010;6;108,30;110,10;109,04;114,60;107,79;111,00;111,80;112,48;112,52;123,10;106,50;108,83;107,94;105,60;107,97;107,65;109,40;106,70;109,00;108,25;111,80;106,40;108,76;111,20;108,10;109,78;108,93;113,80;122,10;120,77;116,81;149,60;109,50;109,75;107,35;110,70;106,90;110,64;111,58;118,40
2010;5;108,30;110,10;109,04;114,40;107,72;110,70;111,80;112,65;112,74;122,70;106,40;108,77;107,88;105,60;107,95;107,52;109,00;106,60;108,95;108,19;111,50;106,30;108,70;111,00;108,10;109,80;108,93;113,70;122,20;121,23;117,55;151,20;109,60;109,89;107,49;110,90;106,70;110,43;111,38;117,90
2010;4;108,20;109,98;108,89;114,20;107,63;110,40;111,80;112,47;112,60;121,90;106,20;108,66;107,78;105,30;107,83;107,41;108,70;106,50;108,89;108,04;111,30;106,10;108,58;110,70;107,90;109,69;108,78;113,40;121,80;120,55;117,35;151,00;109,70;109,78;107,33;110,70;106,30;110,29;111,24;117,60
2010;3;108,30;109,53;108,57;113,50;107,63;109,90;111,40;111,54;112,34;120,30;106,70;108,46;107,77;105,90;107,61;107,40;108,30;106,90;108,63;107,95;110,70;106,60;108,38;110,20;108,10;109,26;108,44;112,80;120,30;118,21;114,34;148,90;109,20;108,99;106,82;110,20;107,20;110,33;111,19;116,80
2010;2;107,70;108,33;107,99;112,90;107,25;109,30;109,60;109,93;111,20;118,90;106,50;107,48;107,42;105,70;106,42;106,95;107,70;106,60;107,61;107,53;110,20;106,40;107,35;109,70;107,50;108,03;107,86;112,20;117,20;115,26;112,07;146,80;108,30;107,08;105,91;109,30;107,00;110,12;111,13;116,40
2010;1;107,30;107,99;107,34;112,40;106,49;108,90;110,10;109,99;111,37;118,20;105,90;107,09;106,68;105,00;105,95;106,08;107,30;106,00;107,22;106,82;109,70;105,80;106,95;109,20;107,00;107,69;107,20;111,80;118,20;115,41;112,04;147,80;108,10;106,81;105,21;108,80;106,30;109,69;110,54;116,20
2009;12;108,00;108,88;107,60;112,60;107,25;109,30;108,90;108,89;109,99;118,40;107,30;108,51;107,41;106,60;107,67;106,98;107,90;107,20;108,44;107,34;110,10;107,20;108,41;109,60;107,80;108,61;107,46;112,10;115,60;113,06;109,32;145,60;107,90;107,93;105,67;109,20;108,30;110,27;110,49;116,10
2009;11;107,00;108,54;107,28;112,00;106,82;108,80;109,10;108,75;109,51;115,90;106,10;108,06;107,01;105,20;107,15;106,52;107,40;105,90;108,00;106,96;109,50;106,00;107,95;109,10;106,80;108,28;107,17;111,60;116,60;113,68;109,72;145,40;107,70;107,98;105,54;108,90;106,30;109,36;109,90;115,30
2009;10;107,20;108,41;107,11;111,70;106,84;108,70;108,40;108,02;109,10;115,20;106,40;108,11;107,02;105,60;107,24;106,63;107,20;106,20;108,02;106,94;109,30;106,30;108,00;109,00;107,00;108,17;107,07;111,30;115,90;112,14;107,69;143,40;107,70;107,58;105,13;108,40;106,60;109,62;110,08;115,30
2009;9;107,10;108,16;106,99;111,50;106,86;108,60;108,20;108,09;108,88;115,10;106,30;107,82;107,05;105,40;106,87;106,64;107,10;106,10;107,72;106,87;109,10;106,20;107,69;108,80;106,90;107,92;106,96;111,10;116,10;112,33;107,18;143,70;107,60;107,20;105,02;108,20;106,60;109,56;109,96;115,00
2009;8;107,60;108,14;107,23;111,40;107,17;108,40;109,20;109,35;110,19;116,80;106,50;107,65;107,35;105,80;106,66;107,01;106,90;106,40;107,55;107,06;109,10;106,50;107,51;108,80;107,40;107,89;107,20;111,00;117,90;113,75;107,96;142,30;107,70;106,61;104,78;107,60;107,60;110,33;110,93;115,60
2009;7;107,30;107,77;106,64;110,90;106,47;107,90;107,90;108,18;109,63;115,00;106,40;107,33;106,67;105,60;106,29;106,21;106,40;106,40;107,35;106,59;108,70;106,30;107,18;108,30;107,10;107,52;106,60;110,50;115,70;111,74;106,00;141,30;107,10;106,15;103,88;107,10;107,70;110,09;110,79;115,20
2009;6;107,40;108,48;107,18;111,00;106,84;107,80;108,80;108,29;109,46;113,10;105,90;107,82;107,02;105,00;106,90;106,66;106,40;106,00;107,93;107,08;108,70;105,80;107,70;108,20;107,10;108,27;107,15;110,50;118,80;113,74;107,01;141,30;108,40;107,99;105,26;107,80;106,20;109,21;110,05;114,40
2009;5;107,00;108,27;107,03;110,70;106,86;107,70;107,40;106,75;108,10;111,50;105,80;107,82;107,04;105,00;106,95;106,66;106,10;105,80;107,97;107,20;108,60;105,70;107,70;108,10;106,90;108,10;107,00;110,20;116,50;110,97;103,80;138,60;107,80;107,72;105,10;107,30;106,00;109,06;109,92;114,30
2009;4;107,10;108,21;106,87;110,10;106,69;107,20;106,80;106,19;107,99;109,80;105,90;107,81;106,86;105,10;106,90;106,47;105,70;106,00;107,96;106,98;108,00;105,80;107,68;107,50;107,00;108,04;106,84;109,70;115,90;110,53;104,36;137,80;107,90;107,66;105,02;106,60;106,10;109,01;109,65;114,00
2009;3;107,00;107,82;106,71;109,80;106,52;106,90;105,60;105,13;107,02;108,10;105,80;107,39;106,70;105,00;106,38;106,25;105,30;106,00;107,56;106,80;107,70;105,70;107,24;107,20;106,90;107,66;106,67;109,40;115,70;110,26;104,39;137,50;107,80;107,28;105,00;106,60;106,00;108,60;109,27;113,30
2009;2;107,20;107,42;106,49;109,60;106,04;106,50;106,00;105,47;107,38;107,60;105,80;106,76;106,25;105,00;105,62;105,70;104,90;106,00;106,98;106,39;107,40;105,70;106,57;106,80;107,10;107,26;106,46;109,20;117,10;111,57;106,42;139,20;108,00;106,56;104,58;106,30;106,30;108,66;109,37;113,20
2009;1;106,50;106,98;106,05;108,70;105,58;105,60;105,20;104,85;106,71;106,50;105,10;106,33;105,80;104,10;105,10;105,16;104,20;105,30;106,56;105,96;106,50;105,00;106,12;106,00;106,40;106,82;106,00;108,30;117,00;110,98;105,81;137,50;107,50;106,19;104,25;104,80;105,30;108,13;108,73;113,00
2008;12;107,10;107,88;106,51;109,50;106,04;106,30;104,50;105,18;107,52;108,90;106,20;107,45;106,24;105,40;106,49;105,71;105,10;106,20;107,55;106,26;107,20;106,00;107,29;106,70;107,00;107,75;106,47;109,10;114,50;111,01;108,07;139,70;107,10;107,43;105,25;105,90;107,10;108,53;108,39;113,50
2008;11;106,70;108,02;106,79;109,90;105,81;106,70;106,30;107,20;109,26;108,40;105,20;107,08;106,01;104,20;106,04;105,45;105,50;105,20;107,16;106,05;107,50;105,00;106,92;107,00;106,60;107,90;106,76;109,60;119,50;116,48;114,11;143,80;108,10;108,31;106,01;107,30;105,00;107,62;107,95;112,80
2008;10;107,30;108,55;107,34;110,00;105,78;106,60;109,20;110,17;111,45;111,30;105,20;107,04;105,97;104,10;106,01;105,45;105,40;105,20;107,13;106,08;107,20;105,10;106,88;106,90;107,20;108,45;107,32;109,80;124,50;122,54;120,54;149,60;109,20;109,13;106,85;107,60;105,00;107,73;108,04;112,80
2008;9;107,60;108,52;107,40;110,30;105,63;106,50;111,70;112,21;112,78;113,80;105,20;106,66;105,84;104,10;105,59;105,29;105,40;105,20;106,74;105,85;107,20;105,10;106,50;106,90;107,50;108,42;107,38;110,00;127,40;126,16;123,91;154,10;109,50;109,12;107,13;108,40;105,20;107,67;107,77;112,30
2008;8;107,70;108,32;107,43;109,70;105,66;106,40;111,50;112,93;113,36;116,50;105,30;106,38;105,87;104,30;105,28;105,31;105,10;105,40;106,47;105,85;107,00;105,20;106,22;106,70;107,60;108,22;107,42;109,40;126,60;126,61;124,32;146,20;109,00;108,28;106,57;107,10;106,00;108,38;108,70;112,50
2008;7;108,10;108,47;107,49;109,00;105,03;105,80;113,70;114,47;114,78;116,60;105,10;106,03;105,24;104,20;104,92;104,64;104,60;105,30;106,26;105,57;106,40;105,10;105,88;106,10;108,00;108,38;107,49;108,70;130,60;130,53;128,40;145,70;109,60;108,76;106,85;106,40;106,10;108,07;108,43;111,90
2008;6;107,40;108,64;107,79;109,00;105,39;105,90;112,90;113,71;113,75;114,60;104,60;106,37;105,55;103,50;105,42;105,09;104,80;104,80;106,61;105,91;106,50;104,50;106,26;106,20;107,30;108,56;107,79;108,70;128,80;128,83;128,18;144,50;109,50;109,70;107,95;107,20;104,70;107,12;107,50;111,00
2008;5;107,00;108,23;107,34;108,30;105,31;105,50;111,70;112,09;112,03;112,70;104,40;106,25;105,48;103,50;105,32;104,99;104,50;104,70;106,48;105,79;106,00;104,40;106,14;105,70;107,00;108,14;107,33;108,00;126,50;125,51;123,90;140,80;109,10;109,22;107,29;106,20;104,50;106,82;107,37;110,60
2008;4;106,30;107,55;106,72;107,60;105,18;105,20;109,90;110,15;110,81;110,80;104,30;105,99;105,34;103,20;105,05;104,87;104,20;104,40;106,17;105,49;105,50;104,20;105,89;105,20;106,30;107,46;106,70;107,30;122,20;121,19;119,62;137,60;108,40;108,37;106,39;105,30;103,80;106,39;107,19;110,20
2008;3;106,60;107,21;106,32;106,70;104,95;104,50;109,80;109,82;110,10;110,30;104,70;105,78;105,09;103,80;104,86;104,63;103,60;104,90;105,91;105,16;104,70;104,70;105,68;104,60;106,60;107,11;106,29;106,40;121,20;119,98;118,41;134,40;108,00;107,68;105,96;104,50;104,90;106,55;106,83;109,20
2008;2;106,10;106,17;105,48;106,30;104,28;104,10;108,20;108,42;108,98;109,10;104,50;104,90;104,45;103,50;103,87;103,91;103,30;104,60;105,04;104,51;104,40;104,40;104,77;104,20;106,00;106,05;105,43;106,00;118,50;117,27;115,39;132,30;107,20;106,21;104,72;104,00;104,60;106,12;106,60;108,80
2008;1;105,50;105,80;105,25;105,50;103,87;103,80;108,30;108,36;108,77;108,60;103,80;104,43;104,04;102,90;103,44;103,57;103,00;104,00;104,65;104,20;104,00;103,80;104,29;103,80;105,40;105,68;105,19;105,30;118,00;117,13;116,03;125,80;106,90;105,94;104,58;102,80;103,80;105,60;106,21;108,60
2007;12;105,90;106,20;105,26;106,20;104,10;104,60;107,60;107,93;108,73;108,70;104,70;105,18;104,22;104,00;104,56;104,05;104,00;104,80;105,28;104,29;104,80;104,70;105,09;104,60;105,80;106,12;105,21;106,00;115,40;115,24;115,11;124,60;106,30;106,49;104,73;104,00;105,40;105,80;106,02;108,70
2007;11;105,20;105,78;104,83;105,60;103,65;104,10;109,00;107,84;107,84;107,00;103,60;104,68;103,77;102,80;104,07;103,69;103,50;103,70;104,77;103,88;104,40;103,60;104,59;104,10;105,10;105,69;104,77;105,40;118,10;115,64;114,52;123,40;106,80;106,42;104,34;103,40;103,30;104,87;105,53;108,20
2007;10;104,70;105,22;104,20;105,30;103,41;104,00;106,80;106,24;106,16;106,60;103,50;104,48;103,51;102,90;104,00;103,52;103,50;103,60;104,55;103,61;104,20;103,50;104,39;104,00;104,60;105,12;104,13;105,10;113,60;111,80;110,06;120,60;105,60;105,40;103,33;102,80;103,60;104,97;105,49;108,30
2007;9;104,50;104,71;103,91;104,80;103,26;103,70;107,00;106,05;105,74;105,70;103,30;103,99;103,34;102,90;103,64;103,42;103,20;103,40;104,05;103,42;103,80;103,30;103,91;103,70;104,30;104,59;103,84;104,60;113,90;111,14;108,77;118,90;105,10;104,55;102,91;102,40;103,60;104,95;105,40;107,60
2007;8;104,30;104,31;103,77;104,70;103,25;103,50;106,60;106,23;106,30;108,60;103,20;103,61;103,33;102,90;103,32;103,46;103,10;103,30;103,69;103,32;103,60;103,20;103,54;103,50;104,20;104,19;103,71;104,50;112,50;110,46;108,09;119,50;104,40;103,50;102,24;101,90;104,20;105,52;106,07;108,00
2007;7;104,40;104,25;103,33;104,40;102,59;103,10;107,50;106,78;106,52;108,00;103,10;103,38;102,66;102,90;103,16;102,89;102,70;103,30;103,51;102,79;103,20;103,20;103,31;103,10;104,30;104,14;103,36;104,10;113,90;111,44;108,66;120,40;104,60;103,49;101,68;101,60;104,30;105,36;105,82;107,60
2007;6;103,90;104,50;103,66;105,00;102,85;103,60;106,90;106,14;105,50;106,80;102,70;103,68;102,90;102,40;103,57;103,22;103,20;102,90;103,85;103,19;103,80;102,70;103,64;103,60;103,80;104,41;103,70;104,80;112,90;110,93;108,23;121,50;104,60;104,52;102,85;103,20;103,10;104,48;104,85;107,00
2007;5;103,80;104,40;103,51;104,80;102,81;103,40;106,70;105,83;105,53;106,10;102,60;103,63;102,85;102,30;103,53;103,18;103,00;102,80;103,79;103,08;103,50;102,60;103,59;103,40;103,70;104,30;103,55;104,60;112,50;110,35;107,69;121,90;104,60;104,51;102,71;103,10;102,90;104,25;104,69;106,60
2007;4;103,60;104,15;103,24;104,50;102,65;103,10;106,20;105,12;104,88;104,50;102,40;103,46;102,69;102,10;103,35;103,00;102,70;102,70;103,63;102,85;103,30;102,40;103,41;103,20;103,50;104,05;103,27;104,30;111,90;109,34;106,94;121,20;104,60;104,24;102,37;102,90;102,50;104,03;104,52;106,30
2007;3;103,20;103,50;102,69;104,20;102,36;102,80;105,00;104,04;103,68;103,10;102,20;102,97;102,40;101,90;102,81;102,65;102,50;102,40;103,06;102,41;103,00;102,20;102,93;102,90;103,10;103,39;102,71;104,00;110,40;107,85;105,27;120,10;104,00;103,41;101,74;102,70;102,20;103,64;104,11;105,70
2007;2;103,00;102,81;102,21;103,70;101,93;102,40;103,60;102,88;103,02;102,80;102,20;102,35;101,99;101,90;102,08;102,15;102,10;102,30;102,47;102,04;102,60;102,20;102,28;102,40;102,80;102,69;102,22;103,50;108,70;106,24;103,69;118,90;103,60;102,29;100,92;102,00;102,30;103,59;104,14;105,60
2007;1;102,50;102,51;102,00;103,20;101,63;102,00;103,20;102,57;102,52;102,10;101,70;102,00;101,71;101,40;101,68;101,78;101,70;101,90;102,17;101,83;102,10;101,70;101,91;102,00;102,40;102,40;102,01;103,10;107,80;105,90;103,47;119,10;103,30;102,15;100,88;101,50;101,70;103,05;103,67;105,30
2006;12;102,70;103,04;102,39;104,00;102,11;102,80;101,80;102,25;102,43;102,80;102,20;102,73;102,17;102,00;102,62;102,32;102,70;102,30;102,80;102,19;103,00;102,20;102,68;102,80;102,50;102,96;102,41;104,00;106,30;105,53;104,18;119,60;102,60;102,95;101,65;102,90;102,90;103,18;103,49;105,30
2006;11;101,80;102,64;102,14;103,40;101,77;102,30;101,50;101,94;102,05;101,10;101,20;102,31;101,83;100,80;102,13;101,93;102,10;101,30;102,37;101,92;102,50;101,20;102,25;102,40;101,60;102,56;102,15;103,40;106,40;105,40;104,09;117,30;102,60;102,88;101,58;102,30;100,80;102,30;102,95;104,80
2006;10;101,90;102,60;102,02;103,20;101,67;102,20;101,70;102,03;102,06;101,50;101,30;102,26;101,73;100,90;102,09;101,85;102,00;101,40;102,27;101,73;102,30;101,30;102,20;102,20;101,70;102,52;102,03;103,10;106,90;105,94;104,62;116,20;102,60;102,72;101,41;101,80;101,20;102,44;102,91;104,80
2006;9;101,80;102,52;102,26;103,00;101,62;102,00;102,20;103,12;103,29;102,90;101,00;101,91;101,68;100,80;101,77;101,79;101,70;101,10;101,98;101,75;102,00;101,00;101,84;102,00;101,70;102,48;102,27;102,90;107,50;107,87;107,17;117,30;102,30;102,58;101,89;102,10;101,20;102,42;102,78;104,10
2006;8;102,30;102,52;102,46;102,90;101,66;101,70;104,70;105,25;105,22;105,80;101,00;101,57;101,73;100,90;101,38;101,83;101,40;101,20;101,62;101,70;101,70;101,00;101,50;101,70;102,20;102,48;102,48;102,80;111,60;111,49;109,93;120,20;102,70;102,28;101,77;101,90;101,80;102,86;103,49;104,20
2006;7;102,40;102,43;102,13;102,50;101,22;101,30;105,30;105,24;104,90;105,50;101,10;101,45;101,28;101,00;101,26;101,32;101,00;101,30;101,52;101,39;101,30;101,10;101,40;101,30;102,40;102,38;102,14;102,40;112,20;111,43;109,33;119,50;102,90;102,22;101,31;101,20;101,90;102,71;103,34;104,00
2006;6;101,90;102,56;102,32;102,50;101,47;101,40;104,50;104,37;103,76;103,50;100,60;101,71;101,50;100,50;101,64;101,63;101,30;100,90;101,81;101,69;101,50;100,60;101,69;101,40;101,90;102,53;102,34;102,40;111,10;109,94;108,49;117,70;102,90;103,02;102,32;101,90;100,80;101,87;102,27;103,20
2006;5;101,80;102,48;102,32;102,20;101,40;101,20;103,80;104,17;103,82;103,50;100,50;101,61;101,42;100,40;101,56;101,54;101,10;100,70;101,72;101,62;101,20;100,50;101,61;101,20;101,70;102,46;102,34;102,20;110,40;110,02;109,20;116,90;102,90;103,09;102,47;101,60;100,40;101,58;102,04;103,00
2006;4;101,60;102,20;101,89;101,70;101,22;101,00;103,70;103,70;103,22;102,90;100,50;101,47;101,24;100,30;101,42;101,33;101,00;100,60;101,52;101,32;100,90;100,50;101,48;101,00;101,50;102,18;101,90;101,60;109,90;108,91;107,40;112,40;102,60;102,68;101,94;100,60;100,30;101,49;101,75;102,90
2006;3;101,20;101,53;101,44;101,10;101,02;100,70;101,80;102,11;101,89;101,40;100,50;101,03;101,03;100,30;100,92;101,10;100,60;100,60;101,08;101,10;100,60;100,50;101,04;100,60;101,10;101,49;101,44;101,00;106,70;105,94;104,63;107,70;101,90;101,72;101,26;100,20;100,30;101,25;101,66;102,00
2006;2;101,10;100,95;100,99;100,90;100,55;100,50;101,70;101,91;102,03;101,40;100,40;100,40;100,57;100,30;100,21;100,57;100,40;100,50;100,49;100,66;100,50;100,40;100,37;100,50;101,10;100,91;100,99;100,80;106,40;105,44;104,13;106,40;101,60;100,78;100,59;100,00;100,50;101,17;101,56;101,80
2006;1;100,70;100,66;100,60;100,50;100,21;100,20;101,80;101,61;101,66;101,20;100,00;100,16;100,22;99,80;99,96;100,19;100,10;100,10;100,23;100,27;100,20;100,00;100,13;100,20;100,70;100,63;100,59;100,50;106,10;105,00;103,76;105,60;101,40;100,63;100,29;99,50;99,90;100,72;101,04;101,70
2005;12;101,30;101,10;100,69;101,00;100,57;100,90;101,10;100,99;100,86;100,70;101,10;101,02;100,57;101,10;101,06;100,64;100,90;101,10;100,98;100,53;100,80;101,20;101,03;100,90;101,20;101,10;100,67;101,00;103,50;102,52;102,03;104,10;101,00;101,13;100,53;100,60;101,80;101,12;100,88;101,50
2005;11;100,30;100,76;100,51;100,70;100,34;100,60;100,70;101,15;101,28;100,40;100,10;100,61;100,34;99,90;100,61;100,37;100,60;99,90;100,52;100,24;100,50;100,10;100,63;100,60;100,20;100,74;100,54;100,70;103,40;103,27;103,45;105,00;100,90;101,15;100,62;100,50;99,60;100,23;100,39;101,10
2005;10;100,80;101,02;100,77;100,70;100,35;100,60;102,90;102,76;102,71;102,00;100,30;100,54;100,35;100,10;100,56;100,39;100,50;100,10;100,43;100,19;100,40;100,30;100,56;100,50;100,80;100,96;100,76;100,70;107,10;106,48;106,38;105,70;101,50;101,41;100,99;100,30;100,10;100,37;100,38;101,20
2005;9;100,80;100,76;100,77;100,60;100,42;100,40;103,10;102,93;102,62;102,20;100,20;100,31;100,41;100,10;100,28;100,47;100,40;100,10;100,20;100,22;100,30;100,20;100,31;100,40;100,70;100,72;100,77;100,60;106,70;106,23;106,22;105,00;101,30;100,97;100,89;100,30;100,10;100,43;100,56;100,90
2005;8;100,50;100,25;100,34;100,40;100,28;100,30;101,60;101,72;101,62;103,30;100,20;100,02;100,30;100,30;100,01;100,31;100,30;100,10;99,93;100,08;100,20;100,20;100,01;100,30;100,50;100,23;100,32;100,30;103,40;103,10;102,76;101,80;100,10;99,76;99,93;99,70;100,90;100,90;100,94;101,10
2005;7;100,30;100,00;99,91;100,10;99,75;100,10;101,10;101,07;100,78;102,10;100,10;99,83;99,78;100,20;99,81;99,71;100,10;100,10;99,81;99,76;100,00;100,10;99,82;100,10;100,40;100,00;99,90;100,00;101,90;101,77;101,42;100,00;100,00;99,57;99,39;99,40;100,70;100,61;100,70;100,80
2005;6;99,90;100,08;100,08;100,00;100,08;100,10;99,70;99,70;99,36;99,60;99,80;100,12;100,07;99,80;100,18;100,11;100,10;99,90;100,20;100,22;100,10;99,80;100,13;100,10;99,90;100,12;100,09;100,00;99,30;99,05;98,74;98,20;99,90;100,25;100,25;100,20;99,70;99,87;99,83;99,90
2005;5;99,70;100,00;99,91;100,00;100,07;100,00;99,00;99,05;98,86;99,50;99,90;100,13;100,05;100,00;100,21;100,10;100,00;100,00;100,24;100,25;100,10;99,90;100,14;100,00;99,80;100,01;99,96;100,00;97,20;97,49;97,01;97,90;99,60;100,15;100,11;100,20;99,90;99,75;99,72;99,70
2005;4;99,30;99,75;99,91;99,70;99,95;99,80;99,00;99,13;99,44;98,50;99,50;99,87;99,92;99,50;99,92;99,95;99,80;99,60;99,95;100,06;99,80;99,50;99,88;99,80;99,40;99,81;99,90;99,70;97,40;98,09;98,30;98,20;99,60;100,08;100,19;100,10;99,10;99,35;99,43;99,30
2005;3;99,30;99,32;99,73;99,30;99,82;99,40;98,10;98,08;98,27;98,00;99,70;99,60;99,81;99,80;99,62;99,81;99,40;99,80;99,72;100,02;99,50;99,70;99,60;99,40;99,40;99,39;99,71;99,30;95,40;95,87;96,62;95,90;99,30;99,35;99,94;100,10;99,50;99,39;99,36;98,40
2005;2;99,00;98,65;99,04;98,80;99,46;99,10;97,00;97,11;97,68;97,30;99,70;99,06;99,46;99,70;98,98;99,38;99,00;99,70;99,13;99,51;99,10;99,70;99,04;99,10;99,00;98,63;99,02;98,90;92,80;93,70;94,26;94,50;98,60;98,23;98,87;99,50;99,50;99,20;99,29;98,20
2005;1;98,60;98,31;98,35;98,60;98,92;98,90;96,60;96,31;96,51;96,40;99,40;98,87;98,94;99,40;98,76;98,76;98,90;99,40;98,88;98,93;99,00;99,40;98,84;98,90;98,60;98,29;98,35;98,70;92,00;92,44;92,83;93,60;98,20;97,95;98,28;99,30;99,10;98,77;98,52;98,00
2004;12;99,20;98,90;98,95;99,10;99,42;99,50;96,30;96,63;97,35;98,00;100,30;99,63;99,41;100,50;99,71;99,34;99,60;100,20;99,57;99,37;99,50;100,30;99,63;99,50;99,20;98,92;98,91;99,20;90,50;92,18;94,47;94,40;98,00;98,78;99,32;100,30;100,60;99,05;98,31;97,90
2004;11;98,10;98,48;98,78;98,60;99,22;99,10;97,30;97,11;97,60;96,40;98,90;99,11;99,22;99,20;99,25;99,09;99,10;98,70;99,00;99,13;99,00;98,90;99,10;99,10;98,40;98,66;98,79;98,80;92,60;93,87;95,57;94,50;97,80;98,79;99,42;100,00;98,40;98,17;97,89;97,30
2004;10;98,50;98,56;98,78;98,40;99,24;99,00;98,50;97,52;97,52;96,40;99,10;99,07;99,23;99,40;99,21;99,10;99,00;98,90;98,97;99,10;98,90;99,00;99,07;98,90;98,80;98,73;98,74;98,60;95,10;95,00;95,31;92,90;98,30;98,86;99,34;99,70;98,80;98,24;97,88;97,20
2004;9;98,30;98,22;98,43;98,20;99,24;98,80;97,50;96,71;96,60;96,50;99,10;98,89;99,22;99,50;98,98;99,07;98,80;99,00;98,80;99,08;98,70;99,10;98,88;98,80;98,50;98,33;98,46;98,30;92,10;92,36;92,51;91,10;97,70;98,14;98,89;99,60;98,90;98,30;97,86;96,80
2004;8;98,60;98,05;98,35;98,10;99,27;98,70;98,10;97,03;96,93;98,00;99,40;98,73;99,28;99,90;98,76;99,00;98,70;99,30;98,65;99,00;98,60;99,40;98,71;98,70;99,00;98,20;98,37;98,10;92,70;92,50;92,35;90,70;97,80;97,65;98,48;99,20;99,70;98,69;98,22;96,90
2004;7;98,50;97,88;98,17;97,80;98,86;98,40;97,60;96,39;96,18;97,60;99,30;98,53;98,87;99,70;98,54;98,53;98,40;99,30;98,59;98,92;98,40;99,30;98,51;98,50;98,80;98,01;98,12;97,90;91,30;91,11;90,44;90,00;97,80;97,55;98,14;98,90;99,40;98,39;98,11;96,70
2004;6;98,10;98,05;98,35;98,10;98,88;98,70;96,90;95,98;95,51;96,40;99,00;98,73;98,87;99,30;98,81;98,57;98,70;99,10;98,88;99,15;98,60;99,00;98,74;98,70;98,40;98,24;98,33;98,20;90,20;90,57;90,33;90,40;97,80;98,43;99,26;100,00;98,50;97,68;97,05;96,10
2004;5;98,10;98,05;98,26;98,10;98,83;98,60;97,60;96,15;95,84;96,30;98,80;98,59;98,81;99,10;98,66;98,51;98,70;98,90;98,75;99,01;98,70;98,80;98,61;98,70;98,40;98,19;98,28;98,30;91,70;91,25;91,20;90,50;98,10;98,58;99,30;100,30;98,10;97,33;96,87;95,90
2004;4;97,90;97,72;97,91;97,80;98,68;98,50;96,40;95,10;94,84;95,00;98,90;98,47;98,65;99,20;98,57;98,33;98,50;98,90;98,61;98,82;98,50;98,80;98,49;98,50;98,20;97,87;97,88;97,90;89,40;89,07;88,75;88,10;97,70;98,08;98,82;99,90;98,20;97,25;96,62;95,60
2004;3;97,70;97,29;97,65;97,40;98,49;98,10;95,20;94,21;94,17;94,20;98,70;98,05;98,47;99,00;98,07;98,13;98,20;98,80;98,18;98,58;98,20;98,70;98,05;98,20;97,90;97,39;97,60;97,70;88,00;88,13;88,20;87,10;97,30;97,47;98,48;99,90;98,10;96,96;96,43;94,90
2004;2;97,20;96,62;97,22;97,20;98,25;97,90;94,80;93,64;93,83;94,20;98,40;97,50;98,23;99,00;97,59;97,87;98,00;98,50;97,63;98,25;98,00;98,40;97,48;98,00;97,80;96,90;97,16;97,50;87,10;86,97;86,70;86,20;96,50;96,48;97,77;99,70;98,20;96,91;96,39;94,80
2004;1;97,00;96,45;96,79;97,00;97,57;97,80;94,60;93,32;93,50;93,80;98,10;97,16;97,57;98,70;97,21;97,15;97,80;98,20;97,36;97,74;97,90;98,00;97,12;97,80;97,60;96,65;96,74;97,30;87,30;87,02;86,99;85,80;96,60;96,39;97,31;99,50;97,50;96,43;95,98;94,60
2003;12;97,00;96,62;96,70;97,50;97,71;98,30;94,50;93,00;93,08;94,20;98,30;97,63;97,71;99,00;97,87;97,61;98,40;98,30;97,72;97,78;98,40;98,30;97,61;98,30;97,60;96,95;96,89;97,70;86,40;86,21;86,13;85,40;95,80;96,83;97,57;100,40;98,60;96,44;95,53;94,60
2003;11;96,20;96,36;96,61;97,20;97,50;98,10;94,20;92,84;92,75;92,60;97,30;97,27;97,50;97,70;97,44;97,37;98,20;97,30;97,37;97,65;98,20;97,30;97,23;98,10;96,70;96,65;96,77;97,50;86,50;86,37;86,20;85,20;95,90;96,88;97,57;100,40;96,50;95,63;95,26;94,20
2003;10;96,30;96,28;96,53;97,20;97,30;98,10;94,50;92,84;92,83;93,20;97,50;97,18;97,29;97,90;97,41;97,51;98,20;97,50;97,29;97,51;98,20;97,40;97,14;98,10;96,90;96,65;96,93;97,50;86,90;86,52;86,60;85,10;96,00;96,71;97,39;100,30;96,90;95,73;95,30;94,30
2003;9;96,40;96,19;96,35;97,10;96,96;98,00;94,60;93,16;92,66;93,40;97,60;96,95;96,96;98,10;97,20;97,34;98,10;97,60;97,11;97,29;98,00;97,60;96,90;98,00;97,00;96,54;96,88;97,40;86,70;86,83;86,55;85,10;95,90;96,40;97,09;100,40;97,20;95,83;95,22;93,90
2003;8;96,60;95,85;95,92;96,80;96,65;97,70;95,10;93,40;93,00;94,40;97,70;96,66;96,68;98,30;96,90;96,99;97,70;97,70;96,75;96,87;97,70;97,70;96,61;97,70;97,20;96,21;96,47;97,00;87,20;86,87;86,33;84,70;95,70;95,65;96,34;99,80;97,80;96,13;95,30;93,80
2003;7;96,50;95,69;95,66;96,50;96,37;97,40;94,50;92,84;92,75;93,90;97,60;96,51;96,39;98,20;96,75;96,68;97,40;97,80;96,65;96,66;97,40;97,60;96,47;97,40;97,10;96,04;96,21;96,70;86,30;85,99;85,62;84,10;95,80;95,58;96,02;99,20;97,50;95,82;95,15;93,70
2003;6;96,20;95,77;95,75;96,50;96,49;97,50;94,20;92,27;91,74;92,80;97,30;96,66;96,47;97,80;96,98;96,85;97,60;97,50;96,87;96,87;97,50;97,30;96,66;97,50;96,80;96,20;96,32;96,80;86,00;85,51;84,79;83,80;95,90;96,28;96,67;100,00;96,70;95,19;94,51;93,10
2003;5;96,10;95,69;95,57;96,70;96,38;97,60;93,70;92,27;91,99;92,90;97,10;96,56;96,35;97,60;96,89;96,74;97,70;97,30;96,73;96,62;97,60;97,10;96,56;97,60;96,60;96,08;96,13;97,00;85,50;85,55;85,24;84,10;95,90;96,28;96,54;100,40;96,20;94,89;94,23;93,00
2003;4;96,30;95,77;95,66;96,70;96,17;97,40;94,60;92,92;92,66;93,70;97,20;96,45;96,15;97,70;96,79;96,53;97,60;97,40;96,61;96,46;97,50;97,20;96,45;97,40;96,90;96,14;96,19;96,90;87,10;87,33;87,52;85,70;96,20;96,38;96,75;100,50;96,40;94,89;94,09;92,80
2003;3;96,60;95,69;95,83;96,30;96,04;97,10;95,30;93,64;93,42;92,30;97,20;96,05;96,02;97,70;96,37;96,39;97,30;97,40;96,20;96,29;97,20;97,10;96,04;97,10;97,10;96,03;96,36;96,70;89,90;89,93;91,07;86,40;96,80;96,38;97,16;100,60;96,30;94,56;93,90;92,20
2003;2;96,40;95,09;95,40;96,00;95,75;96,90;95,20;93,24;93,08;91,40;97,20;95,57;95,75;97,70;95,82;96,09;97,00;97,30;95,69;95,97;96,90;97,10;95,53;96,90;97,00;95,47;95,94;96,40;89,30;88,96;89,74;84,80;96,50;95,52;96,58;100,10;96,40;94,45;93,74;92,00
2003;1;95,90;94,67;94,71;95,70;95,10;96,60;94,40;92,51;92,16;91,00;96,90;95,32;95,11;97,40;95,58;95,42;96,80;96,90;95,44;95,32;96,60;96,80;95,28;96,60;96,50;95,09;95,20;96,00;87,40;87,34;87,95;84,10;96,00;95,14;95,53;99,60;95,80;94,06;93,41;91,90
2002;12;96,00;94,75;94,45;96,30;95,22;97,40;92,70;91,30;91,32;91,50;97,60;95,81;95,24;98,40;96,33;95,87;97,70;97,50;95,79;95,29;97,30;97,50;95,79;97,40;96,70;95,27;95,20;96,70;83,50;84,71;86,18;83,10;94,70;95,12;95,42;100,50;97,50;94,27;93,12;92,20
2002;11;94,90;94,33;94,27;95,90;95,06;97,00;92,40;91,22;91,24;89,20;96,50;95,38;95,07;97,10;95,84;95,69;97,20;96,30;95,34;95,13;97,00;96,30;95,34;97,00;95,60;94,83;95,04;96,30;83,00;84,47;86,09;83,20;94,60;94,99;95,26;100,70;95,30;93,40;92,95;91,30
2002;10;95,30;94,42;94,36;95,90;95,03;97,00;93,50;91,71;91,57;90,30;96,60;95,28;95,03;97,20;95,74;95,68;97,20;96,50;95,26;95,12;97,00;96,40;95,24;97,00;96,00;94,89;95,10;96,40;85,10;85,91;86,90;83,50;95,00;95,07;95,44;100,60;95,50;93,43;92,85;91,50
2002;9;95,40;94,16;94,19;95,70;94,96;96,80;93,20;91,54;91,24;90,40;96,70;95,09;94,97;97,30;95,51;95,61;96,90;96,60;95,07;95,01;96,80;96,60;95,04;96,80;96,10;94,67;94,94;96,10;84,80;85,43;86,21;83,40;95,00;94,69;95,23;100,70;95,80;93,46;92,77;90,90
2002;8;95,50;93,91;94,01;95,50;94,87;96,50;93,00;91,46;91,41;92,20;96,90;94,90;94,92;97,60;95,30;95,52;96,70;96,90;94,87;94,91;96,50;96,80;94,85;96,50;96,20;94,41;94,75;95,90;83,90;84,62;85,07;82,70;94,80;94,03;94,67;99,90;96,40;93,79;93,11;91,10
2002;7;95,70;93,91;93,84;95,20;94,57;96,20;92,80;91,14;90,99;91,90;97,00;94,78;94,63;97,80;95,21;95,23;96,30;97,10;94,84;94,79;96,20;96,90;94,73;96,30;96,40;94,36;94,52;95,60;83,70;84,31;83,94;82,70;95,00;94,05;94,41;99,80;96,60;93,64;92,96;90,70
2002;6;95,40;93,99;93,93;95,50;94,48;96,50;92,80;90,90;90,15;90,80;96,60;94,83;94,53;97,20;95,30;95,15;96,60;96,80;94,96;94,84;96,50;96,40;94,79;96,50;96,10;94,46;94,61;95,90;83,70;84,19;84,42;83,00;95,30;94,74;95,21;100,80;95,50;92,86;92,03;90,30
2002;5;95,40;93,99;93,93;95,50;94,41;96,40;92,70;91,14;90,65;90,20;96,50;94,72;94,48;97,10;95,19;95,10;96,50;96,80;94,92;94,81;96,50;96,30;94,67;96,40;96,20;94,51;94,66;95,90;84,50;85,04;85,32;83,40;95,70;94,99;95,41;101,30;95,10;92,61;91,88;89,80
2002;4;95,40;93,82;93,84;95,30;94,21;96,10;93,20;91,06;90,40;89,80;96,20;94,48;94,29;96,80;94,92;94,92;96,20;96,50;94,68;94,62;96,30;96,10;94,42;96,10;96,10;94,33;94,52;95,70;85,50;85,44;85,75;83,60;95,90;94,96;95,30;101,30;94,50;92,23;91,70;89,40
2002;3;95,40;93,40;93,41;94,90;93,98;95,70;92,10;89,93;89,48;88,60;96,50;94,21;94,06;97,10;94,65;94,65;95,90;96,80;94,41;94,39;96,00;96,40;94,14;95,80;96,10;93,93;94,14;95,30;83,70;83,69;83,84;81,40;95,70;94,32;94,95;101,40;95,00;92,13;91,29;88,50
2002;2;95,30;92,89;93,06;94,50;93,55;95,40;91,10;89,28;89,15;88,00;96,50;93,72;93,67;97,10;94,07;94,17;95,50;96,80;93,92;94,01;95,60;96,30;93,62;95,50;96,00;93,38;93,72;94,90;82,30;82,63;83,14;80,90;95,40;93,55;94,35;101,00;95,00;91,94;91,15;88,10
2002;1;95,00;92,72;92,97;94,40;93,39;95,20;90,60;88,80;88,90;87,80;96,20;93,53;93,51;96,70;93,84;93,97;95,30;96,60;93,79;93,91;95,50;96,00;93,42;95,30;95,70;93,24;93,62;94,80;81,80;82,42;83,13;80,80;95,40;93,63;94,38;100,80;94,40;91,48;90,89;88,10
2001;12;94,90;92,64;92,45;94,70;93,21;95,80;89,60;88,40;88,98;87,70;96,70;93,79;93,34;97,50;94,28;94,00;96,00;96,70;93,75;93,41;95,90;96,50;93,68;95,80;95,70;93,20;93,32;95,20;80,10;81,63;83,14;79,70;94,10;93,39;93,93;101,70;95,80;91,56;90,43;87,80
2001;11;93,80;92,22;92,37;94,50;92,97;95,50;89,40;88,31;88,98;87,50;95,40;93,30;93,11;96,00;93,69;93,71;95,70;95,40;93,20;93,13;95,60;95,20;93,17;95,50;94,70;92,77;93,18;94,90;80,90;82,50;84,49;80,50;94,10;93,34;93,91;101,60;93,50;90,60;90,13;87,40
2001;10;94,00;92,30;92,63;94,70;93,06;95,50;90,10;88,88;89,48;89,40;95,40;93,19;93,20;96,00;93,59;93,84;95,60;95,50;93,13;93,27;95,60;95,20;93,06;95,50;94,90;92,83;93,44;95,10;82,20;83,72;85,82;83,00;94,40;93,44;94,28;101,90;93,60;90,59;90,21;87,50
2001;9;94,40;92,22;92,54;94,80;92,92;95,60;91,00;89,53;89,73;90,00;95,40;92,94;93,08;96,10;93,30;93,70;95,70;95,50;92,87;93,09;95,70;95,20;92,78;95,60;95,20;92,77;93,38;95,20;84,90;85,59;86,88;84,10;94,80;93,38;94,25;102,30;93,80;90,55;90,09;87,30
2001;8;94,50;91,96;92,37;94,50;92,78;95,30;90,90;89,45;89,90;91,50;95,60;92,72;92,97;96,30;93,06;93,56;95,50;95,70;92,66;92,96;95,40;95,40;92,55;95,40;95,30;92,51;93,19;95,00;83,80;84,86;86,15;83,90;94,50;92,77;93,81;101,70;94,30;90,79;90,29;87,50
2001;7;94,70;92,05;92,37;94,20;92,40;94,80;91,10;89,77;90,49;91,40;95,70;92,60;92,59;96,40;92,97;93,19;94,90;96,00;92,67;92,85;95,00;95,50;92,44;94,90;95,50;92,61;93,19;94,70;84,10;85,69;87,36;84,40;94,90;92,98;93,85;101,40;94,40;90,71;90,24;87,10
2001;6;94,60;92,22;92,54;94,90;92,45;95,20;91,90;90,41;90,49;91,00;95,20;92,58;92,59;95,80;93,01;93,30;95,40;95,60;92,71;92,91;95,70;94,90;92,43;95,30;95,40;92,81;93,41;95,40;86,00;87,30;88,96;85,20;95,40;93,80;94,69;103,20;93,40;89,98;89,53;86,60
2001;5;94,40;92,13;92,54;94,70;92,36;95,10;92,40;90,58;90,65;90,60;94,90;92,40;92,47;95,50;92,84;93,20;95,30;95,30;92,54;92,82;95,50;94,60;92,25;95,20;95,20;92,68;93,33;95,20;86,70;87,53;89,05;84,70;95,50;93,80;94,70;103,10;92,90;89,66;89,34;86,30
2001;4;93,90;91,71;91,93;94,00;92,24;94,80;91,40;89,61;89,73;89,50;94,80;92,25;92,30;95,50;92,73;93,11;94,90;95,10;92,25;92,43;94,90;94,60;92,12;94,80;94,80;92,25;92,72;94,40;84,70;85,85;86,49;83,30;94,70;93,11;93,70;102,00;93,00;89,63;89,33;85,90
2001;3;93,60;91,12;91,41;93,40;91,95;94,20;90,60;88,88;88,90;88,20;94,60;91,78;91,93;95,40;92,29;92,81;94,30;94,80;91,73;92,01;94,30;94,50;91,70;94,30;94,40;91,69;92,24;93,90;83,70;84,98;85,63;82,40;94,20;92,44;93,20;102,00;92,80;89,24;88,92;84,80
2001;2;93,60;90,61;90,98;93,10;91,59;93,90;90,60;88,88;89,06;88,60;94,60;91,30;91,52;95,50;91,80;92,43;94,00;94,80;91,20;91,49;93,90;94,50;91,25;93,90;94,40;91,21;91,79;93,60;83,80;85,11;85,91;83,80;94,00;91,65;92,43;101,50;93,10;89,24;88,97;84,70
2001;1;93,00;90,36;90,72;92,90;91,40;93,60;89,00;88,07;88,64;88,90;94,30;91,08;91,27;95,20;91,67;92,26;93,80;94,40;91,01;91,27;93,60;94,20;91,08;93,60;93,80;90,94;91,54;93,40;81,40;84,00;85,25;83,60;93,40;91,44;92,10;101,00;92,50;88,86;88,81;84,70
2000;12;93,60;90,78;91,15;93,70;91,51;94,40;89,80;88,88;89,98;89,40;95,00;91,42;91,33;96,10;92,21;92,56;94,70;95,00;91,26;91,30;94,30;95,00;91,48;94,30;94,40;91,35;92,04;94,20;82,10;85,66;89,34;85,90;93,20;91,94;92,87;102,90;94,00;89,07;88,67;84,40
2000;11;92,60;90,44;91,15;93,70;91,39;94,30;90,30;89,45;90,40;89,80;93,80;90,91;91,18;94,70;91,65;92,43;94,60;93,70;90,73;91,18;94,30;93,70;90,98;94,30;93,40;91,00;92,08;94,20;83,40;87,08;90,88;86,90;93,30;92,03;93,05;103,00;91,60;88,08;88,51;84,30
2000;10;92,50;90,27;90,98;93,50;91,38;94,30;90,10;89,20;90,15;89,70;93,80;90,84;91,16;94,70;91,61;92,46;94,50;93,70;90,61;91,07;94,10;93,80;90,92;94,30;93,30;90,83;91,86;94,00;82,80;86,33;89,68;85,90;93,00;91,69;92,67;102,70;91,80;88,14;88,53;84,20
2000;9;92,70;90,27;91,07;93,60;91,30;94,20;90,70;89,45;90,65;90,30;93,80;90,75;91,07;94,80;91,53;92,40;94,50;93,70;90,52;90,96;94,10;93,80;90,83;94,20;93,50;90,82;91,95;94,10;83,80;87,08;91,64;86,80;93,20;91,64;92,77;103,00;91,90;88,18;88,61;84,00
2000;8;92,40;89,85;90,55;92,80;91,17;93,60;89,70;88,64;89,56;90,00;94,00;90,71;90,96;95,10;91,53;92,26;93,80;94,00;90,50;90,81;93,50;94,00;90,81;93,60;93,30;90,46;91,44;93,40;79,50;83,59;87,86;85,20;92,30;90,83;91,78;102,10;92,50;88,52;88,87;83,50
2000;7;92,70;89,76;90,37;92,80;90,89;93,30;90,10;88,96;90,15;90,90;94,20;90,54;90,67;95,30;91,36;91,95;93,50;94,30;90,39;90,59;93,30;94,20;90,65;93,30;93,50;90,37;91,24;93,40;79,50;83,68;87,95;87,30;92,60;90,69;91,44;102,30;92,80;88,51;88,91;83,30
2000;6;92,30;89,68;90,55;93,30;91,07;93,90;90,00;88,72;89,56;90,90;93,70;90,42;90,79;94,70;91,24;92,20;94,20;93,90;90,32;90,82;93,80;93,70;90,55;93,90;93,10;90,25;91,40;93,80;79,10;83,21;87,45;86,80;92,70;90,98;92,06;103,40;91,70;87,79;88,36;83,00
2000;5;91,80;89,34;90,29;93,20;90,95;94,00;88,00;87,43;88,64;89,80;93,50;90,29;90,67;94,50;91,10;92,05;94,30;93,70;90,19;90,71;93,80;93,50;90,42;94,00;92,60;89,93;91,16;93,70;76,20;81,10;86,01;84,70;92,10;90,64;91,81;103,30;91,30;87,51;88,15;82,80
2000;4;91,90;89,26;90,11;92,90;90,88;93,80;88,20;87,18;88,48;89,70;93,80;90,30;90,59;94,90;91,14;92,00;94,00;94,00;90,17;90,59;93,50;93,80;90,44;93,80;92,80;89,82;90,96;93,40;75,60;80,11;85,20;85,20;92,00;90,39;91,53;103,10;91,80;87,61;88,10;82,50
2000;3;92,00;89,17;90,11;92,60;90,92;93,50;88,90;87,43;88,73;89,00;93,70;90,17;90,61;94,70;91,00;92,05;93,90;93,80;89,98;90,49;93,20;93,70;90,32;93,40;92,70;89,73;90,97;93,30;76,90;81,04;86,16;84,80;92,20;90,37;91,53;102,80;91,50;87,41;88,11;82,10
2000;2;92,00;88,92;89,68;92,40;90,51;93,30;87,90;86,62;88,23;88,20;93,90;90,04;90,21;95,00;90,85;91,58;93,60;94,10;89,88;90,14;93,10;94,00;90,19;93,30;92,80;89,46;90,50;93,10;74,90;79,16;84,74;83,00;92,10;89,92;90,78;102,50;91,80;87,44;88,09;82,00
2000;1;91,80;88,58;89,51;92,10;90,50;92,90;87,90;86,22;87,89;87,60;93,90;89,84;90,19;94,90;90,62;91,59;93,30;93,90;89,66;90,08;92,80;93,90;89,98;92,90;92,60;89,17;90,38;92,80;74,40;78,38;84,07;83,10;91,90;89,63;90,74;102,10;91,60;87,17;87,87;81,90
1999;12;91,60;88,58;89,59;93,00;90,63;93,90;87,10;85,81;87,56;87,90;94,00;89,97;90,30;95,10;90,84;91,93;94,50;93,90;89,72;90,20;93,80;94,00;90,12;93,90;92,40;89,15;90,49;93,70;73,00;77,36;83,18;83,20;91,50;89,56;90,68;104,00;91,80;87,16;88,00;81,60
1999;11;91,30;88,24;89,16;92,70;90,47;93,80;86,40;85,17;86,47;87,50;93,90;89,86;90,13;94,90;90,72;91,76;94,40;93,80;89,57;89,98;93,70;93,90;90,01;93,80;92,10;88,86;90,03;93,50;71,80;75,91;80,66;81,80;91,20;89,25;90,15;103,60;91,50;86,91;87,70;81,50
1999;10;91,20;88,16;89,08;92,60;90,56;93,70;86,60;85,17;86,47;87,90;93,70;89,77;90,20;94,70;90,62;91,90;94,20;93,60;89,45;89,99;93,50;93,70;89,92;93,70;92,00;88,72;89,99;93,40;71,80;75,68;80,24;82,00;91,10;89,08;89,99;103,50;91,20;86,83;87,88;81,40
1999;9;91,30;88,07;88,99;92,70;90,64;93,80;86,20;84,84;86,22;87,90;93,80;89,74;90,27;94,90;90,64;91,99;94,30;93,70;89,40;89,96;93,60;93,80;89,90;93,80;92,10;88,71;89,90;93,40;72,00;75,66;79,67;81,50;91,10;88,92;89,70;103,80;91,50;87,00;88,15;81,20
1999;8;91,50;88,07;88,82;92,30;90,60;93,40;86,10;84,68;86,05;88,10;94,10;89,77;90,25;95,30;90,69;91,94;93,80;94,00;89,44;89,89;93,30;94,10;89,94;93,50;92,40;88,66;89,74;93,10;71,40;74,89;78,72;81,50;91,00;88,67;89,27;103,40;92,30;87,32;88,44;80,90
1999;7;91,50;87,99;88,64;92,00;90,33;93,30;85,40;84,20;85,80;87,60;94,20;89,67;89,99;95,30;90,57;91,65;93,60;94,20;89,45;89,84;93,10;94,20;89,84;93,30;92,50;88,56;89,57;92,80;70,60;73,94;77,57;80,30;91,10;88,53;89,01;103,00;92,40;87,29;88,44;80,70
1999;6;91,10;87,82;88,90;92,60;90,63;93,80;84,80;83,55;85,13;87,60;93,70;89,52;90,22;94,70;90,40;92,01;94,30;93,90;89,43;90,24;93,80;93,70;89,70;93,80;92,00;88,42;89,84;93,40;69,40;72,76;76,62;79,60;91,00;88,70;89,71;104,10;91,20;86,60;87,97;80,50
1999;5;91,00;87,82;88,90;92,70;90,57;93,80;83,90;83,23;85,04;87,70;93,60;89,45;90,16;94,50;90,33;91,95;94,40;93,90;89,45;90,22;93,80;93,60;89,63;93,80;91,90;88,41;89,85;93,50;68,60;72,48;76,80;79,80;91,00;88,78;89,76;104,40;90,90;86,42;87,88;80,30
1999;4;91,00;87,73;88,90;92,40;90,57;93,60;84,40;83,23;84,88;87,70;93,50;89,38;90,16;94,40;90,22;91,96;94,10;93,80;89,37;90,18;93,50;93,50;89,54;93,50;91,90;88,36;89,85;93,20;69,30;72,73;77,21;79,80;91,20;88,80;89,75;104,10;90,60;86,25;87,90;80,10
1999;3;90,70;87,48;88,64;92,00;90,44;93,30;82,60;82,18;84,29;86,20;93,80;89,37;90,04;94,70;90,21;91,82;93,80;94,00;89,32;90,05;93,30;93,80;89,53;93,30;91,50;88,05;89,60;92,80;65,30;70,33;75,97;77,80;90,20;88,29;89,55;104,00;91,20;86,31;87,59;79,40
1999;2;90,50;87,23;88,38;91,50;90,13;92,90;82,50;82,02;84,21;85,00;93,80;89,20;89,76;94,70;90,02;91,48;93,50;94,00;89,14;89,75;93,10;93,70;89,35;92,90;91,40;87,82;89,27;92,50;64,50;69,74;75,53;75,50;90,10;87,99;89,10;103,20;91,20;86,22;87,50;79,30
1999;1;90,30;86,97;88,04;91,40;89,70;92,70;82,50;81,86;84,04;85,00;93,50;88,91;89,37;94,30;89,65;90,98;93,30;93,70;88,86;89,40;92,90;93,50;89,03;92,70;91,20;87,59;88,96;92,30;64,90;69,94;75,63;75,60;90,20;87,86;88,75;103,00;90,60;85,82;87,27;79,20
1998;12;90,40;87,06;88,38;91,90;90,09;93,40;82,60;81,78;84,04;84,60;93,70;89,06;89,73;94,60;89,88;91,60;94,20;93,80;88,89;89,64;93,50;93,70;89,17;93,40;91,30;87,67;89,34;93,00;65,10;70,25;76,29;75,90;90,00;87,94;89,24;104,20;91,00;85,85;87,22;78,90
1998;11;90,40;86,97;88,30;91,70;90,00;93,20;82,90;82,02;84,12;85,20;93,70;89,00;89,65;94,50;89,80;91,48;94,00;93,60;88,78;89,55;93,10;93,60;89,11;93,10;91,20;87,63;89,28;92,80;65,80;70,78;76,53;76,50;90,10;87,96;89,24;103,90;90,80;85,67;87,05;78,80
1998;10;90,40;86,97;88,38;91,60;90,09;93,00;83,00;82,10;84,21;85,50;93,70;89,02;89,74;94,50;89,79;91,60;93,80;93,60;88,74;89,58;93,00;93,60;89,10;93,00;91,30;87,63;89,35;92,70;66,10;71,08;76,91;76,90;90,10;87,94;89,28;103,80;90,90;85,72;87,18;78,70
1998;9;90,60;87,06;88,47;91,60;90,11;93,10;83,00;82,18;84,46;85,80;93,80;89,03;89,80;94,60;89,78;91,63;93,90;93,80;88,77;89,70;93,00;93,70;89,09;93,10;91,50;87,67;89,45;92,70;66,20;71,09;76,75;76,80;90,20;87,94;89,42;104,00;91,30;85,81;87,18;78,50
1998;8;90,90;87,06;88,38;91,20;89,97;92,50;83,20;82,42;84,71;85,90;94,10;89,01;89,70;94,90;89,75;91,47;93,20;94,10;88,79;89,65;92,60;94,00;89,06;92,50;91,80;87,70;89,41;92,40;66,50;71,31;76,79;77,00;90,30;87,85;89,26;103,50;91,90;86,08;87,37;78,20
1998;7;91,00;87,06;88,30;90,80;89,66;92,30;83,30;82,42;84,88;85,90;94,00;88,86;89,42;94,80;89,56;91,12;92,90;94,20;88,73;89,46;92,20;93,90;88,90;92,30;91,90;87,68;89,26;92,00;66,90;71,62;77,14;77,10;90,50;87,91;89,06;103,00;91,80;85,92;87,35;78,00
1998;6;90,70;87,06;88,64;91,30;89,92;92,80;82,90;82,18;84,46;86,00;93,60;88,76;89,65;94,40;89,45;91,45;93,60;93,90;88,70;89,80;92,70;93,50;88,80;92,80;91,60;87,67;89,62;92,50;66,70;71,72;77,47;76,90;90,70;88,19;89,82;104,00;90,90;85,35;86,91;77,80
1998;5;90,70;86,97;88,56;91,50;89,84;92,80;82,80;82,18;84,63;86,10;93,50;88,68;89,57;94,20;89,35;91,35;93,60;93,70;88,60;89,63;92,80;93,30;88,71;92,80;91,50;87,62;89,53;92,60;67,00;72,09;78,05;77,40;90,70;88,24;89,81;104,40;90,60;85,12;86,67;77,70
1998;4;90,30;86,80;88,47;91,00;89,82;92,40;82,80;82,26;84,96;85,90;93,10;88,51;89,57;93,90;89,19;91,35;93,30;93,30;88,35;89,48;92,30;92,90;88,52;92,40;91,30;87,47;89,49;92,10;67,30;72,50;78,99;77,40;90,40;88,10;89,81;103,80;90,10;84,88;86,57;77,40
1998;3;90,20;86,63;88,30;90,50;89,70;92,10;82,20;82,02;84,88;84,60;93,10;88,43;89,46;93,90;89,08;91,21;93,00;93,30;88,18;89,23;92,00;93,00;88,43;92,10;91,20;87,30;89,28;91,70;66,90;72,35;79,20;75,30;90,00;87,85;89,61;103,40;90,40;84,86;86,38;76,70
1998;2;90,40;86,55;88,12;90,30;89,43;91,80;82,30;82,18;85,13;84,70;93,20;88,27;89,22;94,00;88,92;90,89;92,60;93,40;88,03;88,98;91,70;93,00;88,26;91,90;91,30;87,23;89,12;91,40;67,40;72,85;79,79;75,40;90,20;87,74;89,39;103,10;90,60;84,84;86,34;76,60
1998;1;90,10;86,29;87,78;89,90;88,89;91,40;82,40;81,94;84,71;84,50;92,90;87,94;88,71;93,60;88,50;90,27;92,20;93,10;87,75;88,56;91,30;92,70;87,89;91,50;91,10;87,01;88,76;91,10;67,60;73,13;80,01;75,60;90,30;87,64;88,97;102,60;89,80;84,39;86,10;76,50
1997;12;90,20;86,38;88,12;90,50;89,25;92,00;83,00;82,18;84,71;84,20;93,00;88,04;89,07;93,70;88,64;90,80;93,10;93,00;87,74;88,90;91,90;92,80;87,98;92,10;91,20;87,10;89,15;91,80;68,80;73,81;80,23;76,20;90,30;87,80;89,60;103,90;90,10;84,29;85,87;76,10
1997;11;90,00;86,29;88,12;90,40;89,12;91,80;83,00;82,18;84,63;84,40;92,80;87,92;88,92;93,50;88,51;90,67;93,00;92,70;87,61;88,84;91,80;92,60;87,86;92,00;91,00;87,00;89,12;91,80;69,00;74,04;80,44;76,50;90,20;87,78;89,63;103,80;89,70;84,07;85,73;76,10
1997;10;90,00;86,21;87,95;90,30;89,14;91,70;83,30;82,26;84,71;84,60;92,70;87,84;88,92;93,40;88,43;90,71;92,70;92,60;87,47;88,74;91,60;92,50;87,79;91,90;91,00;86,88;88,98;91,70;69,50;74,11;79,95;76,80;90,20;87,62;89,41;103,80;89,70;84,01;85,73;75,90
1997;9;90,10;86,21;88,04;90,30;89,27;91,60;83,50;82,34;84,88;84,80;92,90;87,86;89,04;93,60;88,46;90,88;92,70;92,80;87,49;88,82;91,60;92,70;87,80;91,80;91,10;86,88;89,03;91,70;69,30;73,97;79,80;77,10;90,10;87,52;89,31;103,90;90,10;84,20;86,06;75,70
1997;8;90,40;86,13;87,86;90,00;89,13;91,20;83,70;82,50;84,79;84,50;93,10;87,78;88,92;93,90;88,40;90,70;92,10;93,00;87,38;88,63;91,20;92,90;87,72;91,30;91,40;86,82;88,86;91,40;69,60;74,17;79,81;77,60;90,20;87,29;89,00;103,60;90,70;84,43;86,16;75,40
1997;7;90,30;85,96;87,60;89,50;88,89;90,80;82,80;81,86;84,46;83,90;93,00;87,64;88,68;93,80;88,26;90,42;91,70;93,10;87,33;88,46;90,80;92,80;87,59;91,00;91,20;86,65;88,60;90,90;68,20;73,04;78,92;76,80;90,10;87,10;88,65;102,90;90,50;84,30;86,12;75,20
1997;6;90,00;85,87;87,69;89,80;89,03;91,10;82,60;81,70;84,29;82,90;92,60;87,50;88,78;93,30;88,11;90,63;92,20;92,80;87,24;88,55;91,20;92,40;87,45;91,40;90,90;86,56;88,72;91,20;68,10;72,98;79,21;75,40;90,10;87,27;89,07;103,60;89,70;83,72;85,66;75,00
1997;5;89,90;85,87;87,69;89,60;89,04;91,00;82,60;81,70;84,38;82,50;92,40;87,44;88,75;93,20;88,09;90,65;92,10;92,60;87,21;88,55;91,00;92,20;87,42;91,30;90,80;86,55;88,74;91,00;68,40;73,15;79,43;75,30;90,10;87,35;89,16;103,40;89,30;83,54;85,55;74,80
1997;4;89,50;85,62;87,60;89,40;89,02;90,80;82,60;81,70;84,63;82,30;92,00;87,20;88,67;92,80;87,87;90,63;91,80;92,20;86,93;88,38;90,70;91,90;87,23;91,00;90,40;86,30;88,62;90,70;68,40;73,21;79,81;75,30;89,90;87,19;89,06;103,10;88,70;83,15;85,41;74,50
1997;3;89,80;85,70;87,60;89,00;88,97;90,40;82,60;81,78;84,63;82,40;92,40;87,26;88,61;93,20;87,95;90,56;91,50;92,40;86,93;88,27;90,30;92,30;87,29;90,60;90,70;86,34;88,59;90,40;68,60;73,54;80,41;75,70;89,80;87,15;89,10;103,00;89,50;83,34;85,25;73,80
1997;2;89,90;85,62;87,52;88,80;88,70;90,00;82,30;81,61;84,54;82,50;92,30;87,07;88,35;93,20;87,74;90,24;91,00;92,50;86,81;88,13;90,10;92,20;87,09;90,30;90,80;86,29;88,52;90,30;69,00;73,88;80,94;76,00;90,00;87,11;89,05;102,70;89,40;83,21;85,12;73,80
1997;1;89,50;85,36;87,26;88,60;88,19;89,70;82,20;81,53;84,46;82,10;91,90;86,76;87,87;92,70;87,34;89,67;90,70;92,10;86,58;87,87;89,80;91,80;86,75;90,00;90,40;86,10;88,28;90,10;69,30;74,05;81,02;76,10;90,00;87,09;88,83;102,50;88,50;82,71;84,89;73,60
1996;12;89,00;85,11;87,08;89,00;88,30;90,20;82,10;81,45;84,21;81,50;91,70;86,75;88,00;92,40;87,35;90,06;91,50;91,60;86,36;87,75;90,20;91,60;86,72;90,40;89,90;85,84;88,21;90,50;68,60;73,34;80,46;76,60;89,40;86,84;88,66;103,40;88,10;82,39;84,73;73,30
1996;11;88,60;84,94;86,91;88,70;88,18;90,10;82,00;81,29;84,04;80,80;91,40;86,59;87,88;92,10;87,18;89,99;91,30;91,20;86,16;87,57;90,00;91,20;86,55;90,30;89,50;85,66;88,06;90,30;68,30;73,10;80,16;75,40;89,30;86,68;88,43;103,00;87,40;82,11;84,61;73,10
1996;10;88,70;84,94;87,00;88,70;88,41;90,00;82,10;81,37;84,71;81,10;91,40;86,60;88,09;92,20;87,25;90,28;91,10;91,30;86,16;87,68;90,00;91,30;86,57;90,20;89,70;85,67;88,13;90,20;68,50;72,97;79,89;75,30;89,20;86,63;88,52;103,00;87,80;82,17;84,64;73,00
1996;9;88,80;84,86;86,74;88,70;88,29;89,90;81,90;81,05;83,96;80,80;91,60;86,59;87,99;92,40;87,21;90,15;91,00;91,50;86,16;87,56;90,00;91,40;86,54;90,20;89,70;85,58;87,91;90,20;67,70;72,11;78,78;74,80;89,00;86,42;88,13;103,10;88,20;82,30;84,74;72,90
1996;8;88,80;84,69;86,48;88,30;88,12;89,40;81,70;80,89;83,71;79,80;91,70;86,49;87,85;92,60;87,12;89,93;90,40;91,70;86,12;87,37;89,70;91,60;86,45;89,70;89,80;85,44;87,62;89,80;66,60;71,19;77,75;73,50;89,00;86,16;87,70;102,50;88,50;82,38;84,73;72,70
1996;7;88,90;84,69;86,65;87,80;88,06;89,10;81,60;80,89;84,04;79,10;91,60;86,40;87,77;92,50;87,03;89,87;90,00;91,80;86,19;87,57;89,30;91,50;86,36;89,40;89,90;85,49;87,81;89,30;66,30;71,05;77,77;72,90;89,10;86,28;87,96;101,80;88,40;82,28;84,79;72,60
1996;6;88,70;84,69;86,82;88,40;88,21;89,50;81,50;80,73;83,87;79,10;91,30;86,30;87,87;92,20;86,93;90,07;90,60;91,60;86,14;87,77;89,90;91,20;86,27;89,80;89,60;85,47;88,01;89,90;66,20;71,22;77,91;73,00;89,10;86,48;88,39;103,00;87,80;81,85;84,53;72,30
1996;5;88,60;84,69;86,91;88,30;88,17;89,40;81,70;80,81;83,87;79,10;91,10;86,18;87,79;92,00;86,81;90,03;90,40;91,40;86,08;87,82;89,80;91,10;86,17;89,60;89,60;85,46;88,11;89,80;66,80;71,63;78,41;73,10;89,30;86,61;88,60;103,10;87,40;81,59;84,42;72,10
1996;4;88,40;84,52;86,74;88,00;88,09;89,10;81,60;80,65;83,62;78,80;90,90;85,98;87,68;91,70;86,62;89,93;90,20;91,20;85,88;87,57;89,50;90,80;86,01;89,40;89,40;85,28;87,86;89,60;66,90;71,70;78,27;73,20;89,30;86,49;88,33;102,80;86,90;81,30;84,23;71,90
1996;3;88,50;84,35;86,65;87,50;88,03;88,60;81,10;80,24;83,37;78,10;91,10;85,92;87,60;92,00;86,60;89,88;89,70;91,40;85,79;87,54;89,00;91,10;85,98;88,80;89,50;85,11;87,77;89,10;66,30;70,96;77,63;72,70;89,10;86,23;88,26;102,50;87,30;81,32;84,10;71,20
1996;2;88,40;84,09;86,04;87,20;87,55;88,30;80,90;79,84;82,78;78,00;91,10;85,70;87,16;92,00;86,34;89,30;89,30;91,30;85,49;86,96;88,60;91,10;85,74;88,40;89,40;84,81;87,18;88,80;66,10;70,69;77,17;72,80;89,00;85,82;87,48;101,90;87,40;81,23;83,93;71,10
1996;1;87,90;83,67;85,70;86,80;87,23;87,80;80,70;79,60;82,37;78,00;90,70;85,35;86,87;91,50;85,94;88,94;88,90;90,80;85,11;86,65;88,10;90,60;85,37;87,90;88,90;84,43;86,86;88,30;65,70;70,40;76,68;73,80;88,60;85,50;87,11;101,20;86,60;80,78;83,68;71,10
