Libellé;;Taux moyen pondéré des taux au jour le jour - Moyenne mensuelle - Taux d'intérêt - Série arrêtée;Taux annuel monétaire - Capitalisation des taux au jour le jour - Taux d'intérêt - Série arrêtée;Valeurs à revenus variables avec avoir fiscal - Fin de mois - Taux d'intérêt - Série arrêtée;TMO - Obligations de 1ere catégorie, taux au règlement - Moyenne mensuelle - Taux d'intérêt - Série arrêtée;TMO - Obligations de 2eme catégorie, taux au règlement - Moyenne mensuelle - Taux d'intérêt - Série arrêtée;TME - Taux de rendement des emprunts d'État - Long terme - Moyenne mensuelle - Taux d'intérêt - Série arrêtée;TME - Taux de rendement des emprunts d'État - Long terme - Fin de mois - Taux d'intérêt - Série arrêtée;Obligations de 1ere catégorie, taux de rendement en bourse - Taux d'intérêt - Série arrêtée;Obligations de 2eme catégorie, taux de rendement en bourse - Taux d'intérêt - Série arrêtée;Bons du Trésor à 13 semaines - Moyenne mensuelle pondérée - Taux d'intérêt - Série arrêtée;Taux de base bancaire - Fin de mois - Taux d'intérêt - Série arrêtée
IdBank;;000603912;000603916;000603937;000603938;000603939;000603940;000603941;000603944;000603947;000603959;000603988
Année;Mois
2007;11;40 275;39 573;;452;;432;429;449;449;405;
2007;10;39 285;38 969;;466;466;446;432;452;452;400;
2007;9;40 171;38 391;;461;461;441;454;474;474;408;
2007;8;40 429;37 549;;465;465;445;439;459;459;415;
2007;7;40 661;36 591;;487;487;467;453;473;473;417;
2007;6;39 570;35 480;;490;490;465;469;489;489;412;
2007;5;37 935;34 394;;459;459;437;444;464;464;405;
2007;4;38 230;33 310;;444;444;424;430;450;450;397;
2007;3;36 948;32 286;;425;425;405;415;435;435;392;
2007;2;35 668;31 245;;434;434;414;414;434;434;383;
2007;1;35 658;30 273;;430;430;410;411;431;431;371;
2006;12;35 155;29 174;;409;409;387;403;423;423;358;
2006;11;33 283;28 068;;401;401;381;380;400;400;349;
2006;10;32 806;27 007;;408;408;388;395;415;415;336;
2006;9;30 407;25 941;;404;404;384;375;395;395;326;
2006;8;29 668;25 131;;414;414;396;390;410;410;314;
2006;7;28 165;24 338;;429;429;409;401;421;421;298;
2006;6;26 943;23 684;;426;426;406;415;435;435;283;
2006;5;25 723;23 148;;427;427;407;395;415;415;273;
2006;4;26 303;22 707;;421;421;401;408;428;428;262;
2006;3;25 206;22 233;;392;392;372;384;404;404;260;
2006;2;23 518;21 825;;376;376;356;351;371;371;252;
2006;1;23 232;21 592;;360;360;340;350;370;370;244;
2005;12;22 632;21 378;;363;363;343;337;357;357;238;
2005;11;20 870;21 186;;374;374;354;350;370;370;228;
2005;10;20 713;21 185;;355;355;335;344;364;364;210;
2005;9;20 910;21 221;;337;337;317;320;340;340;205;
2005;8;20 665;21 184;;354;354;334;323;343;343;204;
2005;7;20 732;21 156;;350;350;328;329;349;349;204;
2005;6;20 637;21 145;;347;347;329;322;342;342;204;
2005;5;20 706;21 121;;362;362;342;336;356;356;204;
2005;4;20 733;21 067;;378;378;361;350;370;370;206;
2005;3;20 565;21 058;;399;399;381;380;400;400;237;
2005;2;20 582;21 007;;384;384;364;380;400;400;206;
2005;1;20 794;21 045;;386;386;366;365;385;385;207;
2004;12;20 442;20 997;267;390;390;370;376;396;396;209;
2004;11;20 857;21 007;273;414;414;390;383;403;403;210;
2004;10;21 129;20 896;277;422;422;403;399;419;419;208;
2004;9;20 467;20 817;282;432;432;413;405;425;425;207;
2004;8;20 345;20 799;268;440;440;420;417;437;437;206;
2004;7;20 610;20 872;274;457;457;435;433;453;453;206;
2004;6;20 350;20 889;276;466;466;441;442;436;436;205;
2004;5;20 097;21 038;265;460;460;441;436;430;432;204;
2004;4;20 620;21 503;253;442;442;423;432;435;430;200;
2004;3;19 984;21 932;242;424;424;401;389;396;391;197;
2004;2;20 334;22 600;237;443;443;424;415;414;414;203;
2004;1;20 248;23 108;243;448;448;422;422;436;432;205;
2003;12;20 558;23 807;252;460;460;436;432;438;437;208;660
2003;11;19 553;24 723;259;469;469;448;440;454;458;208;660
2003;10;20 226;25 884;263;452;452;434;442;446;451;208;660
2003;9;20 253;27 009;270;449;449;424;408;417;345;208;660
2003;8;21 181;28 112;259;447;447;424;424;432;369;209;660
2003;7;20 800;29 151;276;427;427;405;407;410;350;207;660
2003;6;22 103;30 229;318;397;397;375;399;393;330;207;660
2003;5;25 397;31 223;339;419;419;397;370;388;329;232;660
2003;4;25 677;31 905;332;446;446;425;428;449;361;246;660
2003;3;27 577;32 543;377;434;434;417;423;455;368;244;660
2003;2;27 461;33 006;368;427;427;407;407;433;350;267;660
2003;1;28 197;33 436;342;453;453;427;414;441;364;279;660
2002;12;30 971;33 888;330;466;466;443;438;479;406;286;660
2002;11;33 170;34 135;304;483;483;466;465;480;437;302;660
2002;10;32 977;34 308;323;485;485;463;474;514;455;317;660
2002;9;33 170;34 916;361;475;475;446;442;489;438;325;660
2002;8;32 935;35 487;305;496;496;470;460;499;467;332;660
2002;7;32 981;36 557;301;522;522;501;484;548;486;340;660
2002;6;33 703;37 631;274;537;537;518;510;545;539;346;660
2002;5;33 103;38 647;241;550;550;531;526;559;550;345;660
2002;4;33 110;39 847;224;551;551;531;525;556;555;340;660
2002;3;32 790;41 425;220;552;552;529;535;557;564;340;660
2002;2;32 829;42 757;233;528;528;511;512;542;538;334;660
2002;1;33 287;44 120;234;521;521;502;505;539;541;333;660
2001;12;33 752;45 415;228;535;508;505;510;535;546;325;660
2001;11;35 180;46 738;237;478;462;471;474;507;515;335;660
2001;10;39 832;47 875;248;504;504;489;480;504;520;350;683
2001;9;39 803;48 580;263;526;500;507;502;526;541;407;710
2001;8;44 974;49 094;228;529;535;508;501;529;535;438;710
2001;7;45 045;49 023;211;546;551;527;515;546;551;445;710
2001;6;45 483;48 856;204;557;528;522;525;557;548;444;710
2001;5;46 565;48 639;187;560;560;525;540;560;560;465;710
2001;4;51 370;47 980;165;547;520;510;512;547;552;472;710
2001;3;47 677;46 686;179;536;531;489;494;536;531;474;710
2001;2;49 679;45 548;173;560;535;501;503;560;543;478;710
2001;1;47 732;44 269;162;548;565;502;505;548;537;474;710
2000;12;48 494;42 772;167;555;569;514;511;555;571;488;710
2000;11;48 247;41 175;162;578;603;540;531;578;582;501;710
2000;10;47 681;39 540;155;592;562;541;545;592;598;496;710
2000;9;45 697;37 505;157;593;573;546;547;593;605;482;710
2000;8;44 194;35 683;148;604;601;538;541;604;601;473;710
2000;7;43 187;33 920;149;600;582;546;539;600;593;440;671
2000;6;42 987;32 300;154;594;554;541;543;594;601;435;630
2000;5;39 242;30 813;148;573;552;558;545;592;598;422;630
2000;4;36 490;29 594;134;584;567;540;549;584;577;375;630
2000;3;35 000;28 813;132;573;584;543;534;573;576;358;630
2000;2;32 721;28 300;135;596;560;564;556;596;599;342;630
2000;1;31 013;28 078;150;611;592;571;578;611;609;323;630
1999;12;30 635;28 103;145;516;540;534;545;581;576;308;630
1999;11;29 327;28 129;163;566;580;521;538;566;564;284;604
1999;10;24 858;28 507;169;571;545;539;537;567;573;281;595
1999;9;24 533;29 293;163;545;513;523;518;535;552;251;595
1999;8;24 355;30 082;185;546;524;501;486;517;524;254;597
1999;7;24 923;30 913;194;508;488;486;494;508;512;247;655
1999;6;25 643;31 695;176;436;436;461;483;494;497;252;655
1999;5;25 455;32 393;185;445;412;428;433;445;452;216;655
1999;4;27 367;33 128;178;438;402;407;409;425;425;264;655
1999;3;29 187;33 677;187;387;434;423;422;439;442;298;655
1999;2;31 114;34 082;198;442;414;408;420;442;443;296;655
1999;1;31 293;34 293;194;413;397;395;387;413;410;301;655
1998;12;30 927;34 512;209;435;431;405;410;441;432;307;655
1998;11;33 750;34 762;213;435;457;432;422;443;451;344;655
1998;10;33 750;34 762;230;451;451;432;440;451;451;343;655
1998;9;33 750;34 716;251;439;442;428;414;439;442;347;655
1998;8;33 750;34 555;221;461;493;458;438;461;467;350;655
1998;7;33 750;34 388;200;499;476;485;481;491;492;350;655
1998;6;33 771;34 221;194;495;501;493;489;495;496;349;655
1998;5;33 750;34 060;175;505;514;509;500;505;508;354;655
1998;4;33 750;33 894;172;493;495;495;502;512;512;358;655
1998;3;33 750;33 733;174;515;508;497;495;504;502;351;655
1998;2;33 750;33 423;195;498;518;506;500;511;507;350;655
1998;1;33 750;33 423;209;541;519;521;512;526;523;351;655
1997;12;33 750;33 335;219;560;550;535;528;545;539;355;655
1997;11;33 750;33 257;230;566;558;558;549;566;558;356;653
1997;10;33 226;33 203;238;569;565;564;564;580;571;350;630
1997;9;31 875;33 241;235;570;548;554;549;555;548;332;630
1997;8;31 875;33 489;269;565;553;558;559;565;553;338;630
1997;7;31 875;33 806;254;553;571;550;546;550;543;333;630
1997;6;31 896;34 187;266;567;576;572;563;567;561;337;630
1997;5;31 875;34 664;264;579;604;579;595;596;594;341;630
1997;4;31 875;35 163;253;597;578;587;592;593;589;331;630
1997;3;31 875;35 759;243;571;585;573;580;580;578;321;630
1997;2;31 964;36 521;245;575;555;545;536;539;540;323;630
1997;1;32 762;37 445;254;564;630;577;565;569;565;324;630
1996;12;32 863;38 561;268;583;575;585;581;582;584;334;644
1996;11;33 125;40 096;270;594;582;591;577;579;576;336;655
1996;10;33 649;42 138;293;580;634;601;608;611;606;339;655
1996;9;34 771;44 752;296;628;636;629;609;620;620;367;670
1996;8;35 444;46 611;314;656;661;644;653;662;661;390;675
1996;7;36 169;48 879;313;666;671;651;640;659;653;375;675
1996;6;37 438;51 735;282;636;667;664;666;684;676;389;675
1996;5;37 500;54 904;284;677;640;657;656;671;662;379;675
1996;4;38 792;58 416;284;676;679;658;648;676;656;395;695
1996;3;40 444;61 742;295;663;669;671;665;692;669;423;700
1996;2;41 961;64 839;303;598;650;660;667;700;679;438;700
1996;1;45 282;65 661;306;662;679;651;643;677;649;470;750
1995;12;50 081;66 411;334;689;715;685;670;689;681;553;770
1995;11;56 750;66 699;341;750;767;712;697;719;722;600;805
1995;10;62 863;66 378;344;743;755;754;743;761;760;699;804
1995;9;56 188;65 488;344;739;715;740;759;765;768;602;794
1995;8;60 685;65 218;331;721;743;733;732;740;743;602;825
1995;7;67 883;64 528;321;749;763;745;740;749;751;646;825
1995;6;73 708;63 222;323;757;758;754;768;774;781;731;825
1995;5;76 290;61 517;314;758;800;759;746;758;765;764;825
1995;4;76 625;59 814;327;776;809;788;787;796;809;795;825
1995;3;74 435;58 410;332;797;812;805;789;799;810;823;825
1995;2;53 415;57 372;343;811;833;805;805;815;822;593;825
1995;1;53 488;58 233;341;820;832;828;814;822;832;588;825
1994;12;53 226;59 277;326;801;808;809;829;837;840;581;797
1994;11;53 125;60 465;314;832;818;827;803;814;818;554;795
1994;10;53 125;61 814;328;823;844;831;841;850;855;554;795
1994;9;53 125;63 364;324;799;813;815;822;833;840;564;795
1994;8;53 125;65 138;302;804;757;784;800;804;808;563;770
1994;7;53 548;68 488;301;756;764;755;744;749;758;568;770
1994;6;54 354;71 155;320;725;803;764;779;787;803;555;770
1994;5;57 540;73 150;295;709;677;706;716;725;736;570;789
1994;4;60 625;75 355;278;658;663;681;703;706;724;603;795
1994;3;62 964;78 518;283;646;628;653;670;676;688;619;795
1994;2;63 929;82 876;266;561;642;613;637;643;659;620;795
1994;1;65 000;87 119;256;593;573;583;589;596;610;627;796
1993;12;66 310;92 252;269;618;627;594;578;586;598;627;815
1993;11;68 458;95 448;293;596;628;620;615;625;639;652;815
1993;10;70 161;97 886;284;615;639;614;612;623;635;689;834
1993;9;73 229;102 131;303;616;640;633;635;645;660;703;840
1993;8;89 819;107 797;292;;657;651;638;650;670;711;840
1993;7;82 661;108 732;311;664;696;693;686;701;713;774;840
1993;6;76 813;110 368;329;730;744;712;691;702;717;733;869
1993;5;81 512;112 446;332;778;750;727;728;748;764;776;910
1993;4;96 104;114 088;329;748;754;725;732;758;775;914;980
1993;3;110 141;114 351;317;777;789;740;736;775;796;1 134;1 000
1993;2;114 554;113 322;331;812;834;779;767;805;822;1 178;1 000
1993;1;120 141;112 308;356;823;821;800;794;832;858;1 167;1 000
1992;12;100 484;110 445;360;853;889;830;816;844;871;1 082;973
1992;11;95 313;110 468;380;832;852;819;830;862;889;1 002;962
1992;10;115 343;110 533;380;876;890;844;828;863;893;1 106;985
1992;9;135 292;108 131;360;913;904;871;857;898;934;1 083;985
1992;8;99 698;104 184;385;917;936;903;917;957;982;1 076;985
1992;7;99 919;103 418;358;908;897;888;917;952;971;1 052;985
1992;6;99 417;102 945;343;897;900;874;879;915;942;1 034;985
1992;5;98 770;102 901;303;877;884;862;852;892;919;1 026;995
1992;4;98 958;102 451;300;889;903;870;873;908;933;1 033;1 035
1992;3;99 315;101 948;316;874;897;864;871;913;940;1 041;1 035
1992;2;99 203;101 417;311;869;891;848;843;886;915;1 029;1 035
1992;1;100 484;100 674;326;869;887;844;843;887;911;1 012;1 035
1991;12;100 726;100 588;369;923;920;879;872;919;947;1 012;1 010
1991;11;96 021;100 253;360;903;913;881;893;931;956;939;1 000
1991;10;89 980;100 308;340;904;926;880;882;926;947;937;1 016
1991;9;92 063;100 975;344;914;936;889;887;930;952;954;1 025
1991;8;91 573;101 508;350;951;953;910;894;941;969;985;1 025
1991;7;94 899;102 074;359;950;961;919;925;966;987;975;1 025
1991;6;98 938;102 609;337;934;939;915;914;959;983;992;1 025
1991;5;93 992;102 563;316;921;933;888;894;939;962;939;1 025
1991;4;93 438;102 895;322;930;947;892;892;940;961;950;1 025
1991;3;93 669;103 391;318;942;952;906;918;966;993;954;1 025
1991;2;93 996;104 170;332;965;957;918;904;961;985;990;1 025
1991;1;99 577;105 046;368;1 010;1 017;979;955;1 010;1 039;1 014;1 025
1990;12;97 157;105 715;398;1 017;1 031;993;1 000;1 053;1 084;999;1 025
1990;11;96 625;106 439;389;1 051;1 047;1 024;1 012;1 058;1 084;994;1 027
1990;10;97 077;106 736;380;1 072;1 083;1 039;1 027;1 072;1 099;1 012;1 044
1990;9;97 917;106 867;399;1 055;1 064;1 052;1 064;1 111;1 136;1 034;1 050
1990;8;97 581;106 086;344;1 035;1 023;1 017;1 030;1 071;1 091;1 027;1 050
1990;7;100 585;105 416;266;988;981;961;956;1 004;1 023;995;1 050
1990;6;98 438;104 599;266;992;1 007;976;968;1 010;1 034;992;1 050
1990;5;97 520;103 764;239;983;988;962;968;1 005;1 027;978;1 050
1990;4;98 875;102 596;242;1 000;1 013;965;961;1 006;1 033;1 006;1 079
1990;3;101 935;101 160;259;1 040;1 033;997;961;1 021;1 059;1 066;1 100
1990;2;104 263;99 519;270;1 001;1 043;995;1 011;1 076;1 099;1 076;1 100
1990;1;106 673;98 054;263;975;995;952;957;1 012;1 037;1 111;1 100
1989;12;104 819;95 981;260;944;933;914;934;980;999;1 062;1 071
1989;11;99 875;93 849;276;936;949;906;907;953;974;1 061;1 050
1989;10;98 468;91 886;282;903;929;888;886;934;953;1 019;1 035
1989;9;89 375;89 766;258;867;886;861;887;918;932;928;1 000
1989;8;90 484;88 491;266;855;863;839;846;881;898;909;1 000
1989;7;91 935;86 942;254;845;881;857;845;880;897;914;1 000
1989;6;89 292;85 081;269;881;894;869;870;896;918;897;960
1989;5;85 121;83 448;255;888;909;880;876;900;924;889;960
1989;4;83 125;82 365;255;897;914;883;872;899;923;875;960
1989;3;84 476;81 684;270;916;930;902;899;921;948;911;960
1989;2;86 987;80 843;276;871;872;894;926;947;949;938;960
1989;1;84 556;79 861;263;862;;852;856;877;894;853;934
1988;12;82 016;79 258;303;867;900;862;853;881;920;827;925
1988;11;78 167;79 104;319;872;885;870;868;887;918;805;925
1988;10;75 726;79 865;322;871;894;871;858;877;917;790;925
1988;9;75 229;79 977;331;895;931;900;883;900;941;786;925
1988;8;73 831;79 831;359;870;;921;938;945;963;760;925
1988;7;71 895;79 852;349;915;;895;907;918;940;731;953
1988;6;71 104;80 098;334;916;934;894;882;907;960;736;960
1988;5;73 427;80 903;408;932;;922;909;938;977;781;960
1988;4;75 521;81 531;424;943;950;919;926;942;978;793;960
1988;3;75 383;81 852;462;930;948;923;936;961;1 003;790;960
1988;2;72 629;82 175;421;948;956;914;911;933;991;756;960
1988;1;78 024;82 879;503;998;;986;949;973;1 038;832;960
1987;12;80 343;83 893;501;1 000;1 016;1 000;999;;1 092;834;960
1987;11;86 688;83 680;433;1 014;;1 002;986;;1 096;883;960
1987;10;76 935;82 440;416;1 030;1 050;1 066;1 004;;1 128;833;960
1987;9;73 604;82 091;325;1 038;1 045;1 028;1 049;;1 107;799;960
1987;8;74 052;81 844;317;1 008;1 045;985;984;;1 077;792;960
1987;7;74 556;81 520;322;965;;935;953;;1 037;785;960
1987;6;80 104;81 357;239;972;945;932;940;;1 038;829;960
1987;5;80 222;80 673;220;947;;888;892;;1 005;815;960
1987;4;79 104;80 194;214;899;;858;866;;982;790;960
1987;3;78 871;80 442;210;907;939;855;851;;979;791;960
1987;2;83 638;81 029;220;901;;890;883;;1 006;843;960
1987;1;88 972;81 374;220;872;;875;889;;992;876;960
1986;12;78 044;81 320;247;889;939;867;894;;1 018;801;960
1986;11;72 854;82 440;253;890;;865;867;;977;762;960
1986;10;73 165;83 964;263;805;;819;814;;936;768;960
1986;9;70 854;85 845;257;776;;780;780;;892;734;960
1986;8;70 544;88 085;244;795;;767;756;;837;724;960
1986;7;72 802;90 537;261;811;;783;786;;903;712;960
1986;6;72 458;92 969;245;826;805;817;795;;936;;960
1986;5;75 040;95 667;242;794;880;781;807;;928;;984
1986;4;81 875;98 169;213;857;;793;793;;957;;1 043
1986;3;85 222;100 259;245;1 000;;864;843;;1 013;;1 060
1986;2;87 768;102 280;270;1 044;1 110;968;925;;1 081;;1 060
1986;1;88 387;103 872;300;1 077;;1 026;1 007;;1 138;;1 060
1985;12;90 161;105 496;349;1 124;1 150;1 047;1 047;;1 176;;1 060
1985;11;89 844;107 325;361;1 134;1 159;1 053;1 053;;1 168;;1 076
1985;10;93 448;109 341;404;1 165;1 204;1 074;1 063;;1 195;;1 085
1985;9;95 750;110 945;421;1 183;1 210;1 086;1 090;;1 236;;1 085
1985;8;96 880;112 587;401;1 157;;1 080;1 080;;1 217;;1 085
1985;7;98 860;114 243;410;1 194;1 209;1 074;1 073;;1 206;;1 112
1985;6;102 260;115 729;369;1 166;1 184;1 093;1 090;;1 219;;1 125
1985;5;101 730;117 469;350;1 178;;1 088;1 089;;1 220;;1 140
1985;4;104 880;119 250;373;1 201;1 256;1 108;1 100;;1 240;;1 150
1985;3;106 710;120 790;378;1 227;;1 141;1 131;;1 254;;1 150
1985;2;106 460;122 522;388;1 219;1 231;1 141;1 146;;1 266;;1 150
1985;1;105 600;123 960;403;1 223;1 252;1 148;1 138;;1 244;;1 170
1984;12;109 520;;488;1 198;1 224;1 184;1 179;;1 294;;1 200
1984;11;111 850;;489;1 180;1 280;1 149;1 170;;1 275;;1 200
1984;10;110 380;;494;1 298;1 299;1 143;1 086;;1 272;;1 200
1984;9;113 620;;531;1 348;;1 215;1 201;;1 347;;1 200
1984;8;114 310;;546;1 390;;1 267;1 248;;1 384;;1 212
1984;7;114 480;;576;1 383;;1 292;1 293;;1 413;;1 225
1984;6;121 150;;531;1 377;1 392;1 310;1 312;;1 411;;1 225
1984;5;120 400;;519;1 375;1 406;1 290;1 296;;1 418;;1 225
1984;4;121 540;;504;1 394;1 413;1 291;1 285;;1 423;;1 225
1984;3;124 820;;537;1 410;1 405;1 301;1 311;;1 437;;1 225
1984;2;123 060;;536;1 378;;1 300;1 305;;1 424;;1 225
1984;1;123 950;;509;1 389;1 410;1 305;1 301;;1 411;;1 225
1983;12;122 700;;530;1 410;1 422;1 330;1 332;;1 435;;1 225
1983;11;123 710;;545;1 428;1 449;1 335;1 341;;1 456;;1 225
1983;10;123 530;;576;1 434;1 448;1 339;1 342;;1 463;;1 225
1983;9;125 670;;579;1 438;1 451;1 333;1 340;;1 436;;1 225
1983;8;125 360;;608;1 450;1 471;1 305;1 321;;1 448;;1 225
1983;7;123 950;;647;1 474;1 492;1 333;1 313;;1 456;;1 225
1983;6;126 080;;651;1 502;1 501;1 373;1 367;;1 480;;1 225
1983;5;124 640;;633;1 490;1 502;1 378;1 373;;1 485;;1 225
1983;4;125 500;;660;1 495;1 505;1 376;1 372;;1 484;;1 225
1983;3;128 390;;692;1 505;1 518;1 384;1 372;;1 499;;1 225
1983;2;127 720;;729;1 516;1 530;1 427;1 416;;1 516;;1 225
1983;1;127 100;;753;1 538;1 584;1 437;1 415;;1 510;;1 240
1982;12;128 790;;786;1 584;1 611;1 483;1 472;;1 586;;1 275
1982;11;131 830;;780;1 645;1 654;1 512;1 514;;1 596;;1 275
1982;10;139 110;;798;;;1 542;1 518;;1 610;;1 325
1982;9;141 130;;860;;;1 561;1 561;;1 639;;1 325
1982;8;145 810;;858;;;1 549;1 530;;1 636;;1 375
1982;7;150 520;;888;;;1 574;1 571;;1 645;;1 392
1982;6;159 750;;840;;;1 590;1 588;;1 658;;1 400
1982;5;164 070;;753;;;1 581;1 583;;1 674;;1 400
1982;4;168 080;;738;;;1 609;1 608;;1 702;;1 400
1982;3;157 160;;767;;;1 611;1 612;;1 699;;1 400
1982;2;145 640;;725;;;1 606;1 615;;1 710;;1 400
1982;1;152 480;;758;;;1 607;1 607;;1 721;;1 400
1981;12;154 640;;848;;;1 598;1 614;;1 733;;1 400
1981;11;157 210;;857;;;1 652;1 640;;1 757;;1 400
1981;10;170 930;;894;;;1 678;1 668;;1 764;;1 440
1981;9;177 750;;827;;;1 741;1 705;;1 788;;1 466
1981;8;175 040;;876;;;1 664;1 690;;1 777;;1 533
1981;7;184 920;;917;;;1 657;1 662;;1 777;;1 580
1981;6;199 330;;942;;;1 681;1 669;;1 798;;1 700
1981;5;160 280;;863;;;1 611;1 686;;1 803;;1 470
1981;4;122 330;;711;;;1 431;1 430;;1 539;;1 275
1981;3;117 180;;675;;;1 432;1 426;;1 529;;1 279
1981;2;109 130;;693;;;1 420;1 436;;1 532;;1 225
1981;1;107 360;;722;;;1 379;1 388;;1 483;;1 225
1980;12;108 750;;669;;;1 369;1 369;;1 468;;1 225
1980;11;107 380;;656;;;1 373;1 371;;1 461;;1 225
1980;10;112 210;;653;;;1 365;1 373;;1 457;;1 225
1980;9;113 730;;665;;;1 303;1 326;;1 405;;1 225
1980;8;113 210;;667;;;1 283;1 284;;1 384;;1 252
1980;7;120 440;;678;;;1 291;1 289;;1 377;;1 300
1980;6;124 270;;590;;;1 293;1 293;;1 388;;1 300
1980;5;126 150;;588;;;1 293;1 291;;1 387;;1 300
1980;4;124 020;;600;;;1 318;1 302;;1 442;;1 323
1980;3;129 580;;606;;;1 343;1 347;;1 480;;1 298
1980;2;121 750;;558;;;1 235;1 340;;1 457;;1 167
1980;1;119 900;;565;;;1 170;1 168;;1 291;;1 150
1979;12;121 730;;579;;;1 155;1 171;;1 292;;1 150
1979;11;119 500;;572;;;1 088;1 118;;1 233;;1 134
1979;10;114 720;;569;;;1 068;1 069;;1 184;;1 098
1979;9;109 960;;525;;;1 070;1 067;;1 188;;1 049
1979;8;104 420;;555;;;1 048;1 070;;1 203;;1 003
1979;7;93 390;;593;;;1 025;1 032;;1 154;;942
1979;6;80 130;;572;;;976;969;;1 112;;909
1979;5;72 020;;563;;;884;901;;1 030;;880
1979;4;68 210;;554;;;876;875;;1 001;;880
1979;3;67 700;;;;;;;;;;880
1979;2;66 830;;612;;;865;864;;1 016;;880
1979;1;66 430;;579;;;877;866;;1 006;;880
1978;12;66 690;;584;;;889;881;;1 027;;880
1978;11;68 880;;578;;;924;915;;1 045;;890
1978;10;69 880;;564;;;938;939;;1 067;;890
1978;9;72 000;;551;;;934;960;;1 078;;892
1978;8;72 500;;587;;;909;911;;1 081;;905
1978;7;74 280;;618;;;946;945;;1 094;;905
1978;6;77 630;;669;;;948;943;;1 108;;930
1978;5;80 760;;638;;;966;967;;1 121;;930
1978;4;84 750;;642;;;974;961;;1 135;;930
1978;3;99 600;;684;;;986;983;;1 154;;930
1978;2;101 790;;813;;;1 001;999;;1 185;;930
1978;1;88 790;;836;;;986;990;;1 166;;930
1977;12;92 980;;768;;;989;990;;1 170;;930
1977;11;89 710;;723;;;983;995;;1 170;;930
1977;10;83 570;;711;;;986;986;;1 156;;930
1977;9;82 980;;723;;;987;983;;1 152;;930
1977;8;85 160;;749;;;992;991;;1 145;;960
1977;7;86 730;;776;;;996;995;;1 151;;960
1977;6;89 210;;720;;;1 005;1 004;;1 155;;960
1977;5;90 710;;779;;;983;987;;1 151;;960
1977;4;92 230;;779;;;990;983;;1 154;;960
1977;3;97 340;;738;;;979;987;;1 123;;960
1977;2;98 300;;698;;;971;972;;1 106;;960
1977;1;99 420;;678;;;977;972;;1 105;;960
1976;12;104 360;;696;;;983;983;;1 139;;960
1976;11;106 750;;741;;;984;982;;1 137;;960
1976;10;107 380;;719;;;956;979;;1 132;;960
1976;9;92 480;;656;;;977;973;;1 107;;925
1976;8;94 150;;626;;;959;978;;1 107;;920
1976;7;82 880;;693;;;875;850;;1 095;;888
1976;6;76 270;;665;;;908;912;;1 086;;880
1976;5;75 380;;647;;;912;895;;1 084;;880
1976;4;75 350;;620;;;919;924;;1 075;;880
1976;3;76 330;;594;;;911;905;;1 080;;860
1976;2;72 000;;576;;;906;911;;1 068;;860
1976;1;63 630;;598;;;899;900;;1 074;;860
1975;12;64 520;;617;;;903;908;;1 089;;870
1975;11;67 420;;615;;;905;901;;1 090;;880
1975;10;66 810;;644;;;906;900;;1 078;;880
1975;9;69 170;;654;;;920;937;;1 063;;903
1975;8;71 770;;668;;;895;908;;1 073;;980
1975;7;72 780;;699;;;889;889;;1 087;;980
1975;6;73 210;;692;;;969;938;;1 093;;997
1975;5;75 970;;648;;;996;976;;1 102;;1 030
1975;4;82 830;;603;;;990;1 008;;1 103;;1 081
1975;3;91 730;;640;;;989;969;;1 106;;1 125
1975;2;99 550;;669;;;1 048;1 030;;1 141;;1 190
1975;1;114 150;;650;;;1 070;1 058;;1 173;;1 201
1974;12;118 670;;782;;;1 067;1 075;;1 190;;1 240
1974;11;124 290;;821;;;1 077;1 015;;1 185;;1 240
1974;10;131 490;;825;;;1 087;1 073;;1 183;;1 240
1974;9;134 250;;833;;;1 102;1 103;;1 188;;1 240
1974;8;137 520;;695;;;1 074;1 109;;1 191;;1 240
1974;7;138 390;;644;;;1 105;1 079;;1 192;;1 240
1974;6;135 670;;673;;;1 078;1 117;;1 193;;1 187
1974;5;129 070;;582;;;1 047;1 021;;1 124;;1 140
1974;4;118 330;;;;;;;;;;1 140
1974;3;121 490;;545;;;1 006;1 010;;1 113;;1 140
1974;2;124 820;;510;;;980;983;;1 097;;1 140
1974;1;135 280;;492;;;937;950;;1 047;;1 105
1973;12;115 160;;540;;;885;885;;983;;1 040
1973;11;111 170;;519;;;875;870;;968;;1 040
1973;10;111 980;;471;;;875;875;;965;;1 040
1973;9;101 270;;479;;;871;875;;959;;948
1973;8;91 590;;482;;;861;866;;945;;901
1973;7;85 240;;479;;;818;817;;916;;810
1973;6;76 630;;446;;;812;816;;897;;759
1973;5;77 180;;426;;;806;809;;881;;740
1973;4;74 630;;425;;;796;799;;877;;725
1973;3;75 080;;432;;;784;788;;864;;710
1973;2;77 280;;447;;;777;782;;853;;710
1973;1;72 180;;440;;;763;767;;849;;710
1972;12;73 100;;455;;;749;756;;839;;710
1972;11;63 040;;444;;;730;732;;815;;678
1972;10;51 770;;425;;;725;726;;806;;630
1972;9;38 790;;426;;;719;723;;800;;623
1972;8;37 460;;425;;;719;723;;803;;610
1972;7;38 100;;438;;;724;724;;786;;610
1972;6;38 460;;452;;;722;710;;801;;610
1972;5;53 190;;425;;;722;719;;798;;610
1972;4;48 420;;423;;;725;719;;809;;610
1972;3;47 780;;462;;;752;745;;837;;629
1972;2;52 330;;494;;;772;765;;861;;660
1972;1;53 150;;512;;;773;775;;863;;660
1971;12;52 940;;528;;;768;769;;865;;667
1971;11;55 130;;524;;;779;773;;873;;690
1971;10;59 520;;543;;;779;779;;873;;690
1971;9;59 750;;510;;;770;770;;875;;690
1971;8;56 980;;480;;;760;775;;873;;690
1971;7;56 130;;464;;;777;781;;863;;690
1971;6;64 500;;451;;;781;778;;875;;690
1971;5;58 830;;437;;;781;781;;876;;678
1971;4;55 210;;441;;;763;785;;874;;667
1971;3;57 660;;426;;;772;774;;874;;707
1971;2;59 960;;429;;;769;772;;868;;725
1971;1;65 200;;419;;;779;767;;869;;731
1970;12;74 760;;447;;;790;790;;881;;750
1970;11;72 920;;452;;;793;785;;882;;750
1970;10;78 270;;447;;;795;796;;873;;784
1970;9;81 210;;452;;;792;794;;866;;790
1970;8;81 290;;441;;;774;790;;862;;815
1970;7;86 250;;453;;;796;776;;864;;820
1970;6;93 420;;441;;;809;806;;885;;820
1970;5;89 190;;423;;;813;809;;891;;820
1970;4;90 210;;407;;;825;815;;894;;820
1970;3;94 560;;395;;;832;830;;907;;820
1970;2;96 960;;383;;;837;834;;911;;820
1970;1;103 150;;371;;;818;827;;902;;820
1969;12;104 200;;395;;;;;;891;;820
1969;11;95 700;;398;;;;;;887;;820
1969;10;93 700;;390;;;;;;871;;797
1969;9;94 000;;416;;;;;;847;;720
1969;8;88 700;;423;;;;;;848;;720
1969;7;92 000;;446;;;;;;846;;720
1969;6;94 700;;413;;;;;;845;;680
1969;5;89 800;;361;;;;;;856;;602
1969;4;83 300;;390;;;;;;851;;570
1969;3;81 800;;384;;;;;;848;;570
1969;2;78 700;;410;;;;;;820;;570
1969;1;80 700;;441;;;;;;816;;570
1968;12;82 500;;477;;;;;;;;
1968;11;89 300;;488;;;;;;;;
1968;10;71 500;;485;;;;;;;;
1968;9;67 200;;462;;;;;;;;
1968;8;59 300;;459;;;;;;;;
1968;7;60 000;;485;;;;;;;;
1968;6;57 700;;464;;;;;;;;
1968;5;56 700;;447;;;;;;;;
1968;4;51 100;;417;;;;;;;;
1968;3;50 800;;432;;;;;;;;
1968;2;47 700;;467;;;;;;;;
1968;1;50 000;;459;;;;;;;;
1967;12;47 600;;483;;;;;;;;
1967;11;46 500;;465;;;;;;;;
1967;10;44 800;;447;;;;;;;;
1967;9;43 100;;434;;;;;;;;
1967;8;44 800;;474;;;;;;;;
1967;7;47 900;;518;;;;;;;;
1967;6;45 000;;468;;;;;;;;
1967;5;49 300;;447;;;;;;;;
1967;4;50 600;;459;;;;;;;;
1967;3;50 000;;440;;;;;;;;
1967;2;50 400;;428;;;;;;;;
1967;1;55 700;;443;;;;;;;;
1966;12;57 000;;428;;;;;;;;
1966;11;54 100;;416;;;;;;;;
1966;10;52 700;;440;;;;;;;;
1966;9;46 000;;432;;;;;;;;
1966;8;47 700;;404;;;;;;;;
1966;7;47 900;;422;;;;;;;;
1966;6;47 800;;405;;;;;;;;
1966;5;48 300;;393;;;;;;;;
1966;4;43 700;;383;;;;;;;;
1966;3;45 500;;371;;;;;;;;
1966;2;43 400;;351;;;;;;;;
1966;1;39 200;;336;;;;;;;;
1965;12;44 800;;325;;;;;;;;
1965;11;46 600;;;;;;;;;;
1965;10;39 600;;;;;;;;;;
1965;9;38 100;;;;;;;;;;
1965;8;40 000;;;;;;;;;;
1965;7;43 500;;;;;;;;;;
1965;6;44 000;;;;;;;;;;
1965;5;43 100;;;;;;;;;;
1965;4;39 800;;;;;;;;;;
1965;3;44 200;;;;;;;;;;
1965;2;42 100;;;;;;;;;;
1965;1;38 700;;;;;;;;;;
1964;12;41 800;;;;;;;;;;
1964;11;41 400;;;;;;;;;;
1964;10;43 600;;;;;;;;;;
1964;9;47 500;;;;;;;;;;
1964;8;47 200;;;;;;;;;;
1964;7;47 700;;;;;;;;;;
1964;6;48 600;;;;;;;;;;
1964;5;62 800;;;;;;;;;;
1964;4;50 500;;;;;;;;;;
1964;3;50 600;;;;;;;;;;
1964;2;43 600;;;;;;;;;;
1964;1;42 700;;;;;;;;;;
1963;12;49 100;;;;;;;;;;
1963;11;43 600;;;;;;;;;;
1963;10;36 300;;;;;;;;;;
1963;9;32 500;;;;;;;;;;
1963;8;40 300;;;;;;;;;;
1963;7;51 400;;;;;;;;;;
1963;6;49 300;;;;;;;;;;
1963;5;39 500;;;;;;;;;;
1963;4;38 500;;;;;;;;;;
1963;3;34 400;;;;;;;;;;
1963;2;34 100;;;;;;;;;;
1963;1;34 100;;;;;;;;;;
1962;12;35 100;;;;;;;;;;
1962;11;35 000;;;;;;;;;;
1962;10;35 100;;;;;;;;;;
1962;9;34 800;;;;;;;;;;
1962;8;34 600;;;;;;;;;;
1962;7;36 600;;;;;;;;;;
1962;6;35 900;;;;;;;;;;
1962;5;39 800;;;;;;;;;;
1962;4;39 300;;;;;;;;;;
1962;3;36 500;;;;;;;;;;
1962;2;35 600;;;;;;;;;;
1962;1;35 100;;;;;;;;;;
1961;12;35 800;;;;;;;;;;
1961;11;35 200;;;;;;;;;;
1961;10;36 000;;;;;;;;;;
1961;9;35 700;;;;;;;;;;
1961;8;35 200;;;;;;;;;;
1961;7;36 500;;;;;;;;;;
1961;6;37 600;;;;;;;;;;
1961;5;39 100;;;;;;;;;;
1961;4;37 000;;;;;;;;;;
1961;3;37 000;;;;;;;;;;
1961;2;35 900;;;;;;;;;;
1961;1;36 500;;;;;;;;;;
1960;12;37 000;;;;;;;;;;
1960;11;37 600;;;;;;;;;;
1960;10;39 900;;;;;;;;;;
1960;9;41 500;;;;;;;;;;
1960;8;40 500;;;;;;;;;;
1960;7;45 300;;;;;;;;;;
1960;6;41 500;;;;;;;;;;
1960;5;42 500;;;;;;;;;;
1960;4;42 200;;;;;;;;;;
1960;3;41 700;;;;;;;;;;
1960;2;41 100;;;;;;;;;;
1960;1;39 100;;;;;;;;;;
1959;12;40 700;;;;;;;;;;
1959;11;40 200;;;;;;;;;;
1959;10;38 700;;;;;;;;;;
1959;9;40 500;;;;;;;;;;
1959;8;39 300;;;;;;;;;;
1959;7;42 700;;;;;;;;;;
1959;6;36 700;;;;;;;;;;
1959;5;38 800;;;;;;;;;;
1959;4;41 300;;;;;;;;;;
1959;3;43 600;;;;;;;;;;
1959;2;42 300;;;;;;;;;;
1959;1;43 900;;;;;;;;;;
1958;12;60 700;;;;;;;;;;
1958;11;52 600;;;;;;;;;;
1958;10;55 000;;;;;;;;;;
1958;9;64 600;;;;;;;;;;
1958;8;69 700;;;;;;;;;;
1958;7;68 500;;;;;;;;;;
1958;6;75 100;;;;;;;;;;
1958;5;100 400;;;;;;;;;;
1958;4;67 800;;;;;;;;;;
1958;3;59 600;;;;;;;;;;
1958;2;52 500;;;;;;;;;;
1958;1;51 700;;;;;;;;;;
1957;12;57 200;;;;;;;;;;
1957;11;48 700;;;;;;;;;;
1957;10;49 400;;;;;;;;;;
1957;9;57 700;;;;;;;;;;
1957;8;79 400;;;;;;;;;;
1957;7;78 200;;;;;;;;;;
1957;6;57 800;;;;;;;;;;
1957;5;51 900;;;;;;;;;;
1957;4;46 100;;;;;;;;;;
1957;3;41 000;;;;;;;;;;
1957;2;35 200;;;;;;;;;;
1957;1;39 200;;;;;;;;;;
1956;12;35 500;;;;;;;;;;
1956;11;37 100;;;;;;;;;;
1956;10;34 700;;;;;;;;;;
1956;9;30 000;;;;;;;;;;
1956;8;30 200;;;;;;;;;;
1956;7;32 100;;;;;;;;;;
1956;6;30 200;;;;;;;;;;
1956;5;31 000;;;;;;;;;;
1956;4;30 800;;;;;;;;;;
1956;3;30 600;;;;;;;;;;
1956;2;30 500;;;;;;;;;;
1956;1;29 500;;;;;;;;;;
1955;12;29 900;;;;;;;;;;
1955;11;30 600;;;;;;;;;;
1955;10;30 200;;;;;;;;;;
1955;9;30 000;;;;;;;;;;
1955;8;30 600;;;;;;;;;;
1955;7;33 000;;;;;;;;;;
1955;6;31 900;;;;;;;;;;
1955;5;32 700;;;;;;;;;;
1955;4;32 300;;;;;;;;;;
1955;3;32 800;;;;;;;;;;
1955;2;32 500;;;;;;;;;;
1955;1;32 700;;;;;;;;;;
1954;12;32 900;;;;;;;;;;
1954;11;35 100;;;;;;;;;;
1954;10;36 500;;;;;;;;;;
1954;9;37 700;;;;;;;;;;
1954;8;38 200;;;;;;;;;;
1954;7;37 900;;;;;;;;;;
1954;6;35 700;;;;;;;;;;
1954;5;35 400;;;;;;;;;;
1954;4;35 500;;;;;;;;;;
1954;3;34 200;;;;;;;;;;
1954;2;35 500;;;;;;;;;;
1954;1;36 600;;;;;;;;;;
1953;12;37 500;;;;;;;;;;
1953;11;40 000;;;;;;;;;;
1953;10;39 100;;;;;;;;;;
1953;9;43 400;;;;;;;;;;
1953;8;41 800;;;;;;;;;;
1953;7;41 300;;;;;;;;;;
1953;6;39 400;;;;;;;;;;
1953;5;42 200;;;;;;;;;;
1953;4;40 500;;;;;;;;;;
1953;3;39 300;;;;;;;;;;
1953;2;41 000;;;;;;;;;;
1953;1;39 700;;;;;;;;;;
1952;12;39 300;;;;;;;;;;
1952;11;39 800;;;;;;;;;;
1952;10;39 800;;;;;;;;;;
1952;9;40 000;;;;;;;;;;
1952;8;37 700;;;;;;;;;;
1952;7;38 400;;;;;;;;;;
1952;6;36 600;;;;;;;;;;
1952;5;37 700;;;;;;;;;;
1952;4;36 500;;;;;;;;;;
1952;3;35 100;;;;;;;;;;
1952;2;39 300;;;;;;;;;;
1952;1;35 000;;;;;;;;;;
