Libellé;;Dépenses de consommation individualisable des APU - Total - Volume aux prix de l'année précédente chaînés - Série CVS-CJO;Dépenses de consommation collective des APU - Total - Volume aux prix de l'année précédente chaînés - Série CVS-CJO;Dépenses de consommation des ménages - Total - Volume aux prix de l'année précédente chaînés - Série CVS-CJO;Dépenses de consommation des ISBLSM - Total - Volume aux prix de l'année précédente chaînés - Série CVS-CJO;Dépenses de consommation totales - Volume aux prix de l'année précédente chaînés - Série CVS-CJO;Demande intérieure finale - Contribution à l'évolution du PIB - Volume aux prix de l'année précédente chaînés - Série CVS-CJO;Demande intérieure finale hors stocks - Contribution à l'évolution du PIB - Volume aux prix de l'année précédente chaînés - Série CVS-CJO;Dépenses de consommation individualisable des APU - Contribution à l'évolution du PIB - Volume aux prix de l'année précédente chaînés - Série CVS-CJO;Dépenses de consommation des APU collectives - Contribution à l'évolution du PIB - Volume aux prix de l'année précédente chaînés - Série CVS-CJO;Dépenses de consommation des ménages - Contribution à l'évolution du PIB - Volume aux prix de l'année précédente chaînés - Série CVS-CJO;Dépenses de consommation des ISBLSM - Contribution à l'évolution du PIB - Volume aux prix de l'année précédente chaînés - Série CVS-CJO;Dépenses de consommation Total - Contribution à l'évolution du PIB - Volume aux prix de l'année précédente chaînés - Série CVS-CJO;FBCF Total - Contribution à l'évolution du PIB - Volume aux prix de l'année précédente chaînés - Série CVS-CJO;FBCF des entreprises financières - Contribution à l'évolution du PIB - Volume aux prix de l'année précédente chaînés - Série CVS-CJO;FBCF des APU - Contribution à l'évolution du PIB - Volume aux prix de l'année précédente chaînés - Série CVS-CJO;FBCF des ménages - Contribution à l'évolution du PIB - Volume aux prix de l'année précédente chaînés - Série CVS-CJO;FBCF des ISBLSM - Contribution à l'évolution du PIB - Volume aux prix de l'année précédente chaînés - Série CVS-CJO;FBCF des entreprises non-financières - Contribution à l'évolution du PIB - Volume aux prix de l'année précédente chaînés - Série CVS-CJO;Variations de stocks - Contribution à l'évolution du PIB - Volume aux prix de l'année précédente chaînés - Série CVS-CJO;Variations de stocks et acquisitions moins cessions d'objets de valeur - Contribution à l'évolution du PIB - Volume aux prix de l'année précédente chaînés - Série CVS-CJO;Exportations - Contribution à l'évolution du PIB - Volume aux prix de l'année précédente chaînés - Série CVS-CJO;Importations - Contribution à l'évolution du PIB - Volume aux prix de l'année précédente chaînés - Série CVS-CJO;Solde extérieur - Contribution à l'évolution du PIB - Volume aux prix de l'année précédente chaînés - Série CVS-CJO;Comptes trimestriels (base 2010) - Évolution du Produit intérieur brut total - Volume aux prix de l'année précédente chaînés - Série CVS-CJO;FBCF de l'ensemble des secteurs institutionnels - Total - Volume aux prix de l'année précédente chaînés - Série CVS-CJO;FBCF des sociétés financières - Total - Volume aux prix de l'année précédente chaînés - Série CVS-CJO;FBCF des administrations publiques - Total - Volume aux prix de l'année précédente chaînés - Série CVS-CJO;Demande intérieure totale finale - Volume aux prix de l'année précédente chaînés - Série CVS-CJO;Demande intérieure totale finale hors stocks - Volume aux prix de l'année précédente chaînés - Série CVS-CJO;FBCF des ménages - Total - Volume aux prix de l'année précédente chaînés - Série CVS-CJO;FBCF des ISBLSM - Total - Volume aux prix de l'année précédente chaînés - Série CVS-CJO;Investissement des entreprises non financières - Total - Volume aux prix de l'année précédente chaînés - Série CVS-CJO;Exportations - Total - Volume aux prix de l'année précédente chaînés - Série CVS-CJO;Importations - Total - Volume aux prix de l'année précédente chaînés - Série CVS-CJO;Produit intérieur brut total - Volume aux prix de l'année précédente chaînés - Série CVS-CJO;Dépenses de consommation des APU - Total - Volume aux prix de l'année précédente chaînés - Série CVS-CJO
IdBank;;001688669;001688689;001688879;001688960;001688968;001688976;001688978;001688979;001688980;001688981;001688982;001688983;001688984;001688985;001688986;001688987;001688988;001688989;001688990;001688991;001688992;001688993;001688994;001688995;001689066;001689174;001689280;001689346;001689348;001689378;001689392;001689585;001689914;001690116;001690224;001712087
Année;Trimestre
2014;3;82 930;44 542;273 269;10 544;411 227;0,49;0,18;0,11;0,05;0,15;0,01;0,31;-0,13;0,00;-0,05;-0,08;0,00;0,00;0,30;0,31;0,16;0,39;-0,24;0,3;109 527;4 329;20 080;524 124;520 705;23 761;1 090;60 294;146 929;155 268;515 731;127 467
2014;2;82 366;44 290;272 518;10 508;409 629;0,09;0,18;0,06;0,04;0,25;0,01;0,36;-0,18;0,00;-0,03;-0,09;0,00;-0,06;-0,09;-0,09;-0,01;0,17;-0,18;-0,1;110 202;4 344;20 348;521 618;519 791;24 168;1 089;60 277;146 132;153 302;514 426;126 652
2014;1;82 062;44 071;271 222;10 469;407 769;0,15;-0,24;0,06;0,03;-0,18;0,01;-0,08;-0,16;0,00;0,01;-0,10;0,00;-0,08;0,38;0,39;0,16;0,32;-0,16;0,0;111 118;4 361;20 482;521 157;518 859;24 638;1 089;60 569;146 172;152 426;514 902;126 128
2013;4;81 765;43 893;272 115;10 429;408 158;0,02;0,36;0,09;0,05;0,23;0,01;0,37;-0,01;0,00;0,00;-0,10;0,00;0,09;-0,33;-0,34;0,26;0,07;0,19;0,2;111 940;4 357;20 435;520 384;520 075;25 122;1 089;60 958;145 336;150 785;514 946;125 653
2013;3;81 319;43 655;270 957;10 394;406 283;0,40;0,07;0,05;0,03;-0,01;0,01;0,07;0,00;-0,01;0,03;-0,05;0,00;0,03;0,33;0,33;-0,22;0,28;-0,50;-0,1;111 992;4 360;20 455;520 295;518 258;25 598;1 085;60 508;144 007;150 424;513 876;124 969
2013;2;81 071;43 505;271 021;10 366;405 925;0,43;0,40;0,14;0,05;0,14;0,00;0,34;0,07;0,00;0,03;-0,02;0,00;0,06;0,03;0,03;0,85;0,61;0,24;0,7;111 999;4 394;20 309;518 243;517 908;25 871;1 075;60 363;145 123;149 066;514 374;124 571
2013;1;80 350;43 260;270 297;10 344;404 221;0,05;0,14;0,09;0,03;0,11;0,00;0,23;-0,09;-0,01;0,00;-0,01;0,00;-0,07;-0,09;-0,09;0,11;0,16;-0,04;0,0;111 660;4 390;20 180;516 040;515 866;25 967;1 060;60 073;140 890;146 120;510 919;123 606
2012;4;79 881;43 115;269 745;10 326;403 048;-0,38;-0,12;0,06;0,03;-0,06;0,01;0,03;-0,15;0,00;0,00;-0,06;0,00;-0,09;-0,25;-0,26;-0,14;-0,26;0,13;-0,2;112 127;4 437;20 189;515 782;515 171;26 030;1 043;60 442;140 323;145 355;510 879;122 995
2012;3;79 548;42 984;270 075;10 296;402 887;0,13;0,11;0,07;0,03;0,04;0,01;0,15;-0,04;0,01;0,02;-0,06;0,00;-0,01;0,02;0,02;0,08;-0,02;0,10;0,2;112 886;4 434;20 199;517 692;515 774;26 334;1 030;60 902;141 018;146 652;512 158;122 531
2012;2;79 209;42 821;269 882;10 251;402 150;-0,32;-0,23;0,06;0,04;-0,32;0,01;-0,20;-0,02;0,02;0,03;-0,05;0,00;-0,02;-0,09;-0,09;0,11;0,03;0,07;-0,2;113 063;4 387;20 117;517 010;515 216;26 615;1 024;60 929;140 622;146 740;510 976;122 029
2012;1;78 897;42 613;271 492;10 192;403 187;0,51;0,39;0,11;0,02;0,27;0,01;0,42;-0,03;0,03;0,04;-0,03;0,00;-0,07;0,12;0,12;-0,15;0,13;-0,28;0,2;113 183;4 294;19 979;518 622;516 372;26 844;1 025;61 048;140 077;146 572;512 219;121 509
2011;4;78 339;42 498;270 082;10 122;401 042;-0,63;0,15;0,03;0,03;-0,23;0,01;-0,15;0,31;0,04;0,01;0,02;0,00;0,24;-0,77;-0,78;0,33;-0,52;0,86;0,2;113 344;4 143;19 762;515 987;514 386;26 990;1 032;61 416;140 865;145 834;511 018;120 838
2011;3;78 164;42 321;271 279;10 065;401 830;0,19;0,18;0,06;0,04;0,11;0,01;0,22;-0,04;0,04;-0,02;-0,03;0,00;-0,03;0,00;0,00;0,09;0,04;0,05;0,2;111 787;3 951;19 732;519 220;513 617;26 898;1 035;60 171;139 163;148 501;509 882;120 485
2011;2;77 843;42 142;270 711;10 026;400 721;-0,75;-0,73;0,03;0,02;-0,67;0,00;-0,61;-0,12;0,03;-0,02;-0,05;0,00;-0,08;-0,02;-0,02;0,37;-0,31;0,68;-0,1;111 980;3 752;19 819;518 278;512 701;27 042;1 032;60 335;138 710;148 279;508 710;119 984
2011;1;77 681;42 030;274 107;10 003;403 822;1,73;0,47;0,06;0,00;0,27;0,00;0,34;0,13;0,04;-0,14;-0,01;0,00;0,23;1,23;1,25;0,66;1,30;-0,65;1,1;112 576;3 597;19 922;522 099;516 398;27 279;1 023;60 754;136 834;149 863;509 069;119 712
2010;4;77 363;42 011;272 737;9 993;402 107;0,33;0,52;0,05;0,00;0,31;0,01;0,36;0,16;0,03;-0,04;0,05;0,00;0,12;-0,19;-0,19;0,49;0,25;0,24;0,6;111 912;3 373;20 608;513 409;514 019;27 332;1 010;59 587;133 550;143 360;503 639;119 376
2010;3;77 118;42 026;271 183;9 957;400 285;0,97;0,63;0,07;-0,02;0,29;0,01;0,35;0,28;0,01;0,02;0,10;0,00;0,15;0,34;0,34;0,39;0,79;-0,41;0,6;111 119;3 246;20 804;511 752;511 404;27 089;998;58 982;131 065;142 051;500 809;119 145
2010;2;76 793;42 143;269 721;9 888;398 544;0,87;0,64;0,08;-0,01;0,12;0,02;0,21;0,43;0,00;-0,01;0,10;0,00;0,34;0,23;0,23;0,80;1,00;-0,20;0,7;109 742;3 209;20 698;506 903;508 286;26 593;987;58 255;129 121;138 006;498 000;118 935
2010;1;76 401;42 180;269 149;9 786;397 513;-0,29;0,34;0,01;-0,01;0,25;0,03;0,28;0,07;-0,03;-0,10;0,05;0,00;0,14;-0,62;-0,63;0,95;0,27;0,68;0,4;107 612;3 209;20 759;502 591;505 124;26 078;978;56 592;125 109;132 911;494 707;118 580
2009;4;76 365;42 231;267 894;9 663;396 141;1,57;0,76;0,13;0,00;0,52;0,03;0,68;0,08;-0,03;0,05;-0,02;0,00;0,07;0,81;0,81;0,26;1,15;-0,89;0,7;107 281;3 342;21 243;503 996;503 428;25 818;971;55 920;120 372;131 379;492 786;118 594
2009;3;75 729;42 213;265 384;9 526;392 829;0,14;-0,17;0,10;0,02;-0,16;0,03;-0,01;-0,16;-0,03;0,01;-0,11;0,00;-0,03;0,30;0,31;0,01;0,01;-0,01;0,1;106 913;3 467;21 002;496 337;499 746;25 907;961;55 585;119 113;125 963;489 439;117 939
2009;2;75 224;42 117;266 133;9 391;392 860;-0,77;-0,06;0,13;0,07;0,23;0,03;0,46;-0,53;-0,04;0,08;-0,19;0,00;-0,38;-0,69;-0,70;-0,04;-0,74;0,71;-0,1;107 695;3 618;20 947;495 659;500 556;26 437;947;55 751;119 084;125 907;488 787;117 336
2009;1;74 561;41 764;265 019;9 258;390 606;-1,59;-0,72;0,03;0,10;0,05;0,02;0,21;-0,93;-0,03;0,10;-0,28;0,00;-0,73;-0,85;-0,87;-1,68;-1,66;-0,02;-1,6;110 264;3 810;20 539;499 398;500 859;27 369;930;57 613;119 255;129 395;489 088;116 320
2008;4;74 401;41 261;264 774;9 135;389 597;-1,08;-0,76;0,07;0,08;-0,14;0,02;0,02;-0,78;-0,02;0,01;-0,22;0,00;-0,55;-0,31;-0,32;-1,44;-0,91;-0,52;-1,6;114 837;3 955;20 023;507 292;504 432;28 703;910;61 232;127 363;137 302;497 125;115 660
2008;3;74 067;40 851;265 491;9 055;389 506;0,03;-0,15;0,09;0,04;-0,10;0,01;0,04;-0,19;0,01;0,02;-0,16;0,00;-0,06;0,19;0,19;-0,34;-0,07;-0,28;-0,2;118 819;4 054;19 968;512 764;508 277;29 850;896;64 019;134 479;141 803;505 246;114 916
2008;2;73 588;40 647;265 997;9 028;389 316;-0,30;-0,33;0,03;-0,01;-0,05;-0,01;-0,03;-0,29;0,02;-0,07;-0,12;0,00;-0,12;0,03;0,02;-0,50;-0,31;-0,20;-0,5;119 805;4 028;19 844;512 596;509 061;30 693;889;64 332;136 188;142 125;506 490;114 233
2008;1;73 433;40 687;266 256;9 055;389 489;0,08;0,12;0,00;0,00;-0,11;-0,01;-0,12;0,24;0,03;-0,01;-0,03;0,00;0,25;-0,04;-0,04;0,90;0,49;0,41;0,5;121 317;3 929;20 228;514 137;510 729;31 317;890;64 952;138 705;143 651;509 036;114 117
2007;4;73 420;40 690;266 789;9 119;390 080;0,25;0,60;0,04;0,02;0,25;0,00;0,29;0,31;0,03;-0,03;0,01;0,00;0,30;-0,35;-0,35;-0,15;-0,12;-0,04;0,2;120 113;3 760;20 298;513 722;510 123;31 462;898;63 705;134 224;141 201;506 549;114 108
2007;3;73 238;40 612;265 566;9 143;388 618;0,74;0,78;0,09;0,02;0,39;0,01;0,51;0,27;0,00;-0,02;0,00;0,00;0,28;-0,04;-0,04;0,06;0,43;-0,38;0,4;118 527;3 602;20 441;512 457;507 095;31 435;898;62 204;134 985;141 779;505 456;113 848
2007;2;72 778;40 507;263 638;9 109;386 086;0,86;0,75;0,09;0,02;0,35;0,02;0,48;0,27;-0,02;0,03;0,01;0,00;0,25;0,09;0,10;0,45;0,68;-0,23;0,6;117 138;3 597;20 525;508 725;503 187;31 430;893;60 782;134 698;139 682;503 601;113 282
2007;1;72 333;40 410;261 899;9 017;383 709;0,88;0,77;0,11;0,01;0,36;0,03;0,50;0,27;-0,04;0,04;0,04;0,00;0,22;0,10;0,11;0,23;0,38;-0,15;0,7;115 749;3 672;20 377;504 460;499 431;31 362;880;59 563;132 512;136 420;500 477;112 739
2006;4;71 810;40 340;260 160;8 889;381 245;1,08;1,00;0,11;0,04;0,34;0,03;0,51;0,50;-0,01;0,07;0,05;0,00;0,38;0,07;0,08;0,44;0,70;-0,26;0,8;114 433;3 857;20 187;500 117;495 634;31 136;863;58 485;131 396;134 613;496 866;112 146
2006;3;71 273;40 164;258 526;8 766;378 774;0,23;0,15;-0,01;0,01;0,07;0,02;0,09;0,07;0,01;-0,05;0,06;0,00;0,04;0,07;0,07;-0,45;-0,20;-0,25;0,0;111 914;3 905;19 824;494 791;490 700;30 840;851;56 621;129 302;131 258;492 839;111 433
2006;2;71 325;40 111;258 203;8 674;378 356;1,03;0,90;0,05;0,03;0,30;0,01;0,39;0,51;0,04;0,02;0,09;0,00;0,36;0,13;0,13;0,30;0,28;0,02;1,1;111 577;3 845;20 060;493 680;489 951;30 537;846;56 412;131 464;132 212;492 967;111 432
2006;1;71 091;39 960;256 754;8 613;376 459;0,30;0,60;0,13;0,04;0,45;0,01;0,62;-0,03;0,05;-0,04;0,07;0,00;-0,10;-0,30;-0,29;0,67;0,29;0,37;0,7;109 021;3 665;19 948;488 636;485 561;30 051;849;54 666;130 038;130 905;487 799;111 047
2005;4;70 482;39 776;254 593;8 581;373 473;1,08;0,59;0,00;0,01;0,35;0,00;0,36;0,23;0,04;-0,04;0,07;0,00;0,17;0,49;0,49;0,57;0,89;-0,33;0,8;109 157;3 421;20 159;487 168;482 675;29 712;858;55 154;126 890;129 572;484 512;110 253
2005;3;70 483;39 725;252 954;8 558;371 750;0,49;0,68;0,08;-0,01;0,33;0,00;0,40;0,28;0,02;0,02;0,07;0,00;0,17;-0,19;-0,19;0,64;0,57;0,07;0,6;108 002;3 243;20 348;481 960;479 820;29 361;864;54 353;124 241;125 345;480 894;110 203
2005;2;70 105;39 760;251 414;8 539;369 843;0,22;0,39;0,08;0,01;0,17;0,00;0,26;0,13;-0,01;0,01;0,08;0,00;0,04;-0,17;-0,17;0,21;0,24;-0,02;0,2;106 616;3 133;20 247;479 594;476 558;28 988;864;53 559;121 260;122 678;478 180;109 860
2005;1;69 706;39 734;250 633;8 527;368 626;0,49;0,45;0,07;0,00;0,34;0,00;0,41;0,04;-0,04;0,03;0,05;0,00;-0,01;0,04;0,04;-0,22;0,20;-0,42;0,1;105 984;3 169;20 183;478 548;474 718;28 550;859;53 372;120 265;121 565;477 245;109 435
2004;4;69 381;39 711;249 061;8 520;366 693;0,69;0,94;0,04;0,02;0,65;0,00;0,71;0,22;-0,02;0,03;0,05;0,00;0,16;-0,26;-0,25;0,52;0,48;0,04;0,7;105 788;3 346;20 009;476 209;472 575;28 292;850;53 410;121 275;120 637;476 904;109 086
2004;3;69 177;39 630;246 008;8 516;363 336;0,76;0,32;0,04;0,03;0,13;0,00;0,20;0,12;-0,01;0,02;0,03;0,00;0,07;0,44;0,43;0,11;0,45;-0,34;0,4;104 678;3 423;19 853;472 941;468 113;28 012;841;52 669;118 925;118 402;473 487;108 802
2004;2;68 992;39 473;245 402;8 515;362 388;0,90;0,69;0,11;0,04;0,33;0,00;0,47;0,22;0,00;0,03;0,05;0,00;0,13;0,20;0,20;0,49;0,60;-0,11;0,8;104 096;3 458;19 752;469 362;466 595;27 844;832;52 325;118 422;116 313;471 531;108 460
2004;1;68 495;39 291;243 876;8 518;360 184;0,69;0,35;0,05;0,06;0,21;0,00;0,32;0,03;0,01;0,01;0,06;0,00;-0,05;0,34;0,34;0,10;0,21;-0,10;0,6;103 017;3 457;19 579;465 150;463 329;27 568;825;51 705;116 240;113 573;467 864;107 780
2003;4;68 256;39 008;242 891;8 531;358 691;0,75;0,43;0,12;0,06;0,10;-0,01;0,27;0,16;0,02;0,04;0,05;0,00;0,05;0,33;0,33;0,53;0,44;0,09;0,8;102 878;3 414;19 543;461 929;461 691;27 246;818;51 934;115 733;112 605;465 141;107 259
2003;3;67 714;38 730;242 416;8 582;357 456;0,55;1,04;0,05;0,05;0,60;-0,02;0,68;0,35;0,03;0,06;0,05;0,00;0,22;-0,50;-0,49;0,32;0,16;0,16;0,7;102 111;3 343;19 343;458 431;459 703;26 953;810;51 722;113 476;110 692;461 248;106 439
2003;2;67 477;38 514;239 688;8 678;354 350;0,00;0,32;0,10;0,03;0,03;-0,03;0,14;0,18;0,03;0,07;0,02;0,00;0,06;-0,32;-0,32;-0,20;-0,19;-0,01;0,0;100 422;3 233;19 068;455 919;454 935;26 662;802;50 748;112 098;109 994;458 002;105 986
2003;1;67 010;38 356;239 546;8 819;353 729;0,69;0,22;0,05;-0,01;0,10;-0,03;0,11;0,11;0,03;0,05;0,01;0,00;0,01;0,48;0,47;-0,60;0,04;-0,64;0,1;99 548;3 101;18 719;455 905;453 464;26 563;792;50 475;112 947;110 812;458 040;105 361
2002;4;66 779;38 415;239 083;8 980;353 241;-0,01;0,20;0,14;0,01;0,16;-0,01;0,30;-0,10;0,02;0,03;0,03;0,00;-0,18;-0,22;-0,21;-0,08;0,00;-0,08;-0,1;99 030;2 962;18 487;452 737;452 468;26 490;782;50 418;115 466;110 617;457 805;105 186
2002;3;66 107;38 376;238 355;9 041;351 884;0,27;0,53;0,08;0,01;0,41;0,01;0,52;0,01;0,00;-0,01;0,04;0,00;-0,03;-0,26;-0,26;0,17;0,25;-0,08;0,2;99 490;2 897;18 356;452 797;451 544;26 306;771;51 206;115 798;110 629;458 221;104 480
2002;2;65 737;38 317;236 519;8 977;349 542;0,08;0,48;0,15;0,01;0,33;0,04;0,54;-0,06;-0,01;0,03;0,04;0,00;-0,12;-0,41;-0,40;0,69;0,18;0,51;0,6;99 426;2 880;18 386;451 549;449 117;26 065;759;51 346;115 103;109 596;457 350;104 052
2002;1;65 028;38 264;235 044;8 789;347 124;0,87;0,45;0,09;0,02;0,25;0,07;0,42;0,03;-0,02;0,01;0,04;0,00;-0,01;0,41;0,41;0,52;0,76;-0,24;0,6;99 693;2 904;18 232;451 197;446 934;25 861;746;51 897;112 279;108 850;454 675;103 296
2001;4;64 600;38 188;233 934;8 504;345 219;0,12;-0,10;0,05;0,01;-0,03;0,05;0,08;-0,18;-0,02;0,00;0,03;0,00;-0,19;0,22;0,22;-0,71;-0,40;-0,31;-0,2;99 558;2 980;18 184;447 279;444 878;25 626;735;51 945;110 211;105 808;451 835;102 792
2001;3;64 365;38 132;234 085;8 266;344 855;-0,29;0,35;0,07;-0,01;0,24;0,04;0,34;0,01;-0,02;-0,03;0,02;0,00;0,03;-0,64;-0,63;0,21;-0,30;0,50;0,2;100 389;3 061;18 180;446 734;445 317;25 479;723;52 773;113 014;107 386;452 691;102 503
2001;2;64 013;38 176;233 047;8 102;343 343;0,53;0,39;0,06;-0,02;0,41;0,02;0,47;-0,07;-0,01;-0,05;-0,01;0,00;-0,01;0,13;0,14;-0,69;-0,25;-0,44;0,1;100 349;3 135;18 299;448 030;443 753;25 380;713;52 636;112 192;108 560;451 709;102 200
2001;1;63 746;38 278;231 236;8 013;341 256;0,11;0,68;0,06;-0,01;0,47;0,01;0,53;0,15;-0,01;-0,01;0,03;0,00;0,14;-0,59;-0,57;0,15;-0,36;0,51;0,6;100 680;3 196;18 524;445 633;441 968;25 409;705;52 659;114 931;109 554;451 309;102 040
2000;4;63 443;38 331;229 177;7 985;338 895;0,91;0,61;0,05;0,00;0,27;0,01;0,33;0,28;0,00;0,04;0,00;0,00;0,24;0,29;0,30;0,88;0,88;0,00;0,9;99 989;3 228;18 588;445 150;438 915;25 243;699;52 072;114 367;111 135;448 522;101 793
2000;3;63 224;38 332;227 980;7 943;337 430;0,87;0,56;0,06;0,01;0,14;0,02;0,23;0,33;0,01;0,03;-0,01;0,00;0,30;0,31;0,31;0,67;0,98;-0,31;0,6;98 673;3 208;18 400;441 067;436 160;25 260;694;51 013;110 902;107 582;444 461;101 579
2000;2;62 951;38 289;227 365;7 875;336 434;0,80;0,78;0,08;0,03;0,43;0,02;0,57;0,21;0,03;0,10;0,01;0,00;0,07;0,01;0,02;1,08;1,03;0,04;0,8;97 149;3 159;18 285;437 196;433 678;25 319;688;49 686;108 284;103 650;441 984;101 266
2000;1;62 560;38 133;225 511;7 780;333 928;1,37;1,14;0,11;0,01;0,52;0,03;0,67;0,48;0,04;0,13;0,10;0,00;0,22;0,22;0,22;0,93;1,12;-0,19;1,2;96 199;3 051;17 849;433 657;430 228;25 271;683;49 362;104 102;99 524;438 281;100 721
1999;4;62 046;38 068;223 304;7 665;331 036;1,59;1,04;0,08;0,04;0,58;0,02;0,73;0,31;0,03;0,12;0,05;0,00;0,11;0,56;0,55;0,50;0,88;-0,38;1,2;94 054;2 900;17 291;427 681;425 229;24 776;678;48 438;100 498;95 053;433 180;100 148
1999;3;61 658;37 895;220 878;7 566;327 921;0,75;1,43;0,05;0,05;0,91;0,02;1,03;0,40;0,03;0,08;0,07;0,00;0,22;-0,70;-0,67;0,99;0,61;0,38;1,1;92 651;2 782;16 766;420 830;420 726;24 521;671;47 954;98 641;91 695;428 017;99 588
1999;2;61 432;37 667;217 129;7 490;323 568;0,78;0,86;-0,01;0,06;0,41;0,01;0,48;0,38;0,02;0,05;0,05;0,00;0,26;-0,09;-0,08;0,54;0,51;0,03;0,8;90 888;2 661;16 421;417 610;414 625;24 177;662;47 036;95 005;89 382;423 232;99 131
1999;1;61 460;37 395;215 447;7 435;321 550;0,76;0,75;0,04;0,08;0,17;0,01;0,30;0,45;0,01;0,02;0,15;0,00;0,26;0,01;0,01;-0,04;0,11;-0,16;0,6;89 227;2 585;16 200;414 319;410 980;23 927;652;45 970;93 036;87 461;419 856;98 879
1998;4;61 257;37 048;214 752;7 397;320 285;1,14;0,80;0,09;0,03;0,38;0,01;0,51;0,29;0,02;0,03;0,07;0,00;0,16;0,35;0,34;-0,06;0,28;-0,34;0,8;87 278;2 537;16 118;411 105;407 821;23 173;640;44 884;93 200;87 014;417 323;98 323
1998;3;60 857;36 939;213 214;7 341;318 174;0,61;0,87;0,02;-0,02;0,49;0,02;0,52;0,35;0,03;0,05;0,08;0,00;0,18;-0,27;-0,26;0,36;0,32;0,04;0,7;86 043;2 467;15 986;406 355;404 492;22 804;627;44 236;93 427;86 024;414 024;97 818
1998;2;60 755;37 006;211 255;7 260;316 044;1,11;1,22;0,06;-0,08;0,78;0,03;0,78;0,44;0,03;0,04;0,06;0,00;0,30;-0,13;-0,11;0,42;0,46;-0,04;1,1;84 568;2 368;15 782;403 831;400 911;22 388;613;43 500;92 178;84 911;411 337;97 787
1998;1;60 511;37 329;208 189;7 154;312 864;1,20;0,63;0,00;-0,17;0,42;0,03;0,28;0,34;0,04;0,02;0,03;0,00;0,25;0,59;0,57;0,50;0,92;-0,42;0,8;82 730;2 247;15 633;399 304;395 917;22 077;598;42 307;90 731;83 311;406 994;97 878
1997;4;60 505;38 031;206 536;7 036;311 716;1,08;0,88;0,07;-0,11;0,66;0,02;0,64;0,24;0,03;-0,01;0,04;0,00;0,18;0,20;0,19;0,66;0,73;-0,07;1,0;81 288;2 119;15 559;394 425;393 360;21 923;584;41 296;89 023;80 121;403 849;98 591
1997;3;60 175;38 487;203 997;6 952;309 143;0,88;0,57;0,06;-0,03;0,40;0,01;0,44;0,13;0,02;-0,05;0,06;0,00;0,09;0,32;0,30;0,83;0,93;-0,10;0,8;80 298;2 008;15 617;390 096;389 801;21 725;569;40 609;86 778;77 623;399 805;98 738
1997;2;59 926;38 612;202 445;6 913;307 392;0,61;0,50;-0,01;0,03;0,20;0,00;0,22;0,28;0,02;-0,04;0,07;0,00;0,23;0,11;0,11;1,08;0,57;0,51;1,1;79 767;1 924;15 807;386 602;387 520;21 449;556;40 261;83 986;74 464;396 717;98 622
1997;1;59 962;38 471;201 697;6 919;306 522;0,04;-0,14;-0,05;0,09;-0,01;-0,01;0,02;-0,16;0,01;-0,10;0,02;0,00;-0,10;0,18;0,18;0,77;0,32;0,45;0,5;78 640;1 842;15 989;384 213;385 544;21 123;544;39 396;80 398;72 542;392 350;98 512
1996;4;60 171;38 111;201 721;6 959;306 432;-0,46;-0,70;-0,01;0,11;-0,71;0,00;-0,62;-0,08;0,01;-0,09;0,02;0,00;-0,03;0,24;0,24;0,78;0,32;0,46;0,0;79 300;1 803;16 385;384 066;386 097;21 051;534;39 759;77 819;71 469;390 440;98 347
1996;3;60 233;37 647;204 416;6 972;308 848;0,19;0,91;-0,02;0,12;0,73;0,01;0,84;0,07;0,01;-0,03;0,06;0,00;0,02;-0,73;-0,72;0,35;0,03;0,32;0,5;79 627;1 766;16 740;385 887;388 849;20 945;527;39 868;75 252;70 381;390 461;97 928
1996;2;60 306;37 163;201 658;6 945;305 570;0,28;0,05;0,03;0,15;-0,16;0,02;0,04;0,01;0,01;0,06;0,02;0,00;-0,08;0,24;0,24;-0,01;0,03;-0,03;0,2;79 355;1 717;16 865;385 130;385 282;20 651;523;39 788;74 103;70 280;388 461;97 499
1996;1;60 156;36 571;202 258;6 880;305 426;0,43;1,28;0,05;0,13;0,96;0,03;1,17;0,11;0,02;0,00;0,02;0,00;0,06;-0,87;-0,85;0,36;0,16;0,20;0,6;79 319;1 682;16 639;384 022;385 103;20 538;522;40 096;74 122;70 187;387 494;96 740
1995;4;59 956;36 027;198 683;6 780;300 917;0,04;0,20;0,05;0,07;0,01;0,03;0,15;0,05;0,01;0,05;-0,05;0,00;0,04;-0,17;-0,16;0,22;0,05;0,17;0,2;78 895;1 602;16 636;382 353;380 150;20 426;523;39 876;72 947;69 642;385 077;95 981
1995;3;59 725;35 763;198 661;6 675;300 338;0,44;-0,49;0,04;0,04;-0,57;0,03;-0,46;-0,03;0,01;-0,04;-0,03;0,00;0,03;0,95;0,93;-0,25;0,13;-0,38;0,1;78 682;1 568;16 451;382 196;379 357;20 637;522;39 720;72 247;69 466;384 279;95 481
1995;2;59 554;35 613;200 763;6 570;302 134;0,39;0,95;0,04;-0,04;0,97;0,03;1,01;-0,06;0,01;0,00;-0,03;0,00;-0,04;-0,57;-0,56;0,49;0,40;0,09;0,5;78 793;1 529;16 601;380 486;381 269;20 791;517;39 614;73 042;69 046;384 043;95 158
1995;1;59 366;35 757;197 173;6 464;298 261;0,27;0,24;0,03;-0,08;0,17;0,03;0,15;0,09;0,06;-0,09;0,01;0,00;0,10;0,03;0,03;0,35;0,11;0,23;0,5;79 023;1 488;16 602;378 976;377 612;20 941;509;39 765;71 506;67 747;382 212;95 126
1994;4;59 245;36 072;196 533;6 360;297 686;0,64;0,25;0,05;-0,06;0,13;0,02;0,14;0,11;0,02;-0,04;0,07;0,00;0,06;0,40;0,39;1,08;0,86;0,22;0,9;78 673;1 297;16 937;377 952;376 692;20 877;497;39 409;70 379;67 368;380 306;95 334
1994;3;59 035;36 323;196 066;6 263;297 161;0,55;0,48;0,07;-0,07;0,26;0,02;0,28;0,20;-0,01;-0,06;0,07;0,00;0,19;0,07;0,07;0,46;0,40;0,06;0,6;78 258;1 239;17 109;375 525;375 752;20 558;486;39 191;67 076;64 630;377 087;95 396
1994;2;58 743;36 607;195 108;6 175;296 090;1,08;0,78;0,03;-0,04;0,54;0,02;0,54;0,24;-0,01;0,01;0,07;0,00;0,17;0,31;0,30;0,85;0,75;0,10;1,2;77 508;1 270;17 346;373 430;373 930;20 228;478;38 505;65 664;63 347;374 799;95 412
1994;1;58 634;36 757;193 190;6 098;294 058;0,95;0,18;0,00;-0,03;-0,13;0,02;-0,14;0,32;-0,03;0,11;0,09;0,00;0,14;0,79;0,78;-0,08;0,38;-0,46;0,5;76 621;1 314;17 318;369 366;371 009;19 907;471;37 913;63 115;61 010;370 415;95 466
1993;4;58 626;36 878;193 642;6 033;294 579;-0,05;0,29;0,02;0,04;0,32;0,01;0,39;-0,09;-0,05;-0,01;0,02;0,00;-0,05;-0,35;-0,35;0,79;0,55;0,24;0,2;75 458;1 414;16 894;365 813;370 348;19 496;466;37 438;63 314;59 796;368 606;95 588
1993;3;58 545;36 739;192 503;5 993;293 144;0,24;-0,21;-0,05;0,08;0,00;0,00;0,03;-0,24;-0,05;-0,05;-0,04;0,00;-0,10;0,46;0,45;0,23;0,07;0,16;0,4;75 792;1 560;16 944;366 011;369 254;19 400;463;37 611;61 031;58 183;367 900;95 362
1993;2;58 763;36 438;192 497;5 982;293 031;0,04;0,27;0,13;0,12;0,40;0,00;0,65;-0,37;-0,04;-0,10;-0,06;0,00;-0,18;-0,23;-0,23;-0,41;-0,44;0,03;0,1;76 684;1 704;17 148;365 122;370 045;19 577;461;37 951;60 362;57 967;366 436;95 254
1993;1;58 221;35 963;191 075;5 998;290 635;-1,03;-0,78;0,11;0,16;-0,66;-0,01;-0,41;-0,37;0,04;-0,03;-0,07;0,00;-0,31;-0,27;-0,26;0,31;-0,12;0,43;-0,6;78 054;1 815;17 521;364 963;369 040;19 839;462;38 551;61 528;59 252;366 166;94 228
1992;4;57 766;35 356;193 433;6 031;292 169;-0,33;0,14;0,08;0,12;0,22;0,00;0,43;-0,29;0,05;-0,02;-0,07;0,00;-0,26;-0,47;-0,46;-0,23;-0,27;0,05;-0,3;79 441;1 694;17 628;368 809;371 932;20 148;463;39 638;60 645;59 657;368 383;93 147
1992;3;57 397;34 900;192 631;6 020;290 565;-0,22;0,36;0,12;0,12;0,37;0,02;0,63;-0,26;0,01;-0,01;-0,04;0,00;-0,23;-0,59;-0,58;-0,10;-0,20;0,10;-0,1;80 483;1 546;17 685;370 024;371 417;20 445;461;40 501;61 278;60 428;369 421;92 307
1992;2;56 852;34 425;191 319;5 952;288 203;-0,47;-0,15;0,07;0,08;-0,07;0,03;0,12;-0,26;-0,03;-0,04;-0,08;0,00;-0,12;-0,32;-0,32;0,06;-0,31;0,37;-0,1;81 439;1 517;17 715;370 848;370 060;20 604;454;41 280;61 567;61 006;369 867;91 278
1992;1;56 525;34 117;191 562;5 827;287 767;1,24;0,40;0,10;0,04;0,07;0,04;0,25;0,15;-0,08;0,06;0,01;0,00;0,16;0,84;0,84;0,52;0,83;-0,31;0,9;82 398;1 598;17 856;372 604;370 618;20 960;444;41 683;61 401;61 896;370 225;90 636
1991;4;56 082;33 969;191 300;5 661;286 816;-0,13;0,18;0,13;0,04;0,10;0,04;0,31;-0,13;0,06;0,04;-0,14;0,00;-0,11;-0,31;-0,31;0,37;-0,29;0,66;0,5;81 856;1 825;17 644;368 011;369 119;20 922;430;41 139;59 924;59 582;366 830;90 052
1991;3;55 499;33 810;190 957;5 521;285 668;-0,04;0,08;0,03;0,06;0,05;0,03;0,16;-0,08;0,04;0,05;-0,06;0,00;-0,12;-0,12;-0,12;0,67;0,28;0,39;0,4;82 333;1 647;17 486;368 489;368 468;21 522;419;41 492;58 935;60 376;364 881;89 323
1991;2;55 354;33 587;190 795;5 424;285 066;0,27;0,71;0,19;0,10;0,26;0,01;0,56;0,15;0,02;0,09;-0,08;0,00;0,13;-0,44;-0,44;0,60;0,05;0,55;0,8;82 620;1 542;17 289;368 625;368 165;21 778;413;41 874;57 167;59 621;363 596;88 945
1991;1;54 559;33 211;189 877;5 369;283 009;0,16;-0,10;0,11;0,08;-0,08;0,01;0,12;-0,22;0,00;0,01;-0,13;0,00;-0,09;0,26;0,26;0,03;0,27;-0,24;-0,1;82 079;1 498;16 946;367 624;365 565;22 142;411;41 462;55 597;59 491;360 623;87 782
1990;4;54 092;32 886;190 155;5 347;282 572;-0,34;0,16;0,04;0,09;0,07;0,01;0,21;-0,05;0,00;-0,02;-0,05;0,00;0,01;-0,50;-0,51;0,40;0,10;0,30;0,0;82 848;1 505;16 916;367 035;365 919;22 715;412;41 746;55 470;58 733;360 900;86 989
1990;3;53 921;32 537;189 898;5 316;281 788;0,18;0,45;0,16;0,09;0,10;0,01;0,36;0,10;0,01;0,06;-0,10;0,00;0,13;-0,28;-0,27;0,26;0,13;0,14;0,3;83 020;1 493;16 975;368 279;365 320;22 932;412;41 703;54 458;58 472;361 046;86 450
1990;2;53 229;32 210;189 558;5 265;280 475;1,06;0,61;0,02;0,05;0,38;0,02;0,47;0,15;0,01;0,06;-0,06;0,00;0,13;0,44;0,45;-0,43;0,23;-0,66;0,4;82 682;1 467;16 773;367 621;363 669;23 354;410;41 297;53 795;58 142;359 904;85 438
1990;1;53 145;32 020;188 243;5 194;278 772;0,58;1,00;0,17;0,08;0,39;0,02;0,66;0,35;0,02;0,11;-0,03;0,00;0,25;-0,44;-0,43;0,44;0,06;0,38;1,0;82 163;1 428;16 544;363 770;361 443;23 631;406;40 873;54 880;57 559;358 464;85 152
1989;4;52 431;31 721;186 898;5 110;276 382;1,22;1,07;0,14;0,03;0,45;0,02;0,64;0,42;0,02;0,10;0,01;0,00;0,30;0,14;0,15;0,66;0,86;-0,20;1,0;80 954;1 373;16 152;361 709;357 830;23 781;400;40 077;53 795;57 432;355 074;84 151
1989;3;51 821;31 596;185 367;5 036;274 062;1,06;0,96;0,10;0,00;0,50;0,02;0,62;0,34;0,01;0,06;0,04;0,00;0,24;0,09;0,10;-0,09;0,03;-0,12;0,9;79 502;1 333;15 813;357 364;354 022;23 733;394;39 141;52 160;55 225;351 479;83 435
1989;2;51 389;31 588;183 677;4 977;271 857;0,95;0,48;0,06;-0,03;0,13;0,01;0,17;0,30;0,00;-0,03;0,17;0,00;0,16;0,46;0,47;0,46;0,48;-0,03;0,9;78 337;1 312;15 602;353 637;350 627;23 584;388;38 403;52 380;55 154;348 208;83 015
1989;1;51 127;31 700;183 239;4 933;271 240;1,00;1,22;0,20;-0,07;0,62;0,01;0,76;0,47;0,00;0,09;0,07;0,00;0,31;-0,24;-0,23;0,91;0,42;0,49;1,5;77 320;1 313;15 699;350 333;348 957;22 859;383;37 921;51 267;53 934;345 033;82 887
1988;4;50 321;31 949;181 181;4 901;268 602;1,00;1,01;0,00;-0,04;0,48;0,01;0,45;0,56;-0,01;0,05;0,17;0,00;0,35;-0,02;-0,01;0,31;0,36;-0,05;0,9;75 776;1 322;15 402;346 904;344 734;22 571;377;36 979;49 096;52 876;339 983;82 387
1988;3;50 336;32 095;179 602;4 862;267 068;1,41;1,12;0,11;0,02;0,71;0,01;0,85;0,27;0,00;0,04;0,11;0,00;0,11;0,29;0,29;0,57;0,75;-0,18;1,2;73 932;1 343;15 252;343 508;341 300;21 866;372;35 919;48 360;51 997;336 798;82 559
1988;2;49 906;32 028;177 307;4 815;264 185;0,71;0,92;0,06;0,08;0,24;0,02;0,39;0,52;0,01;0,13;0,05;0,00;0,33;-0,21;-0,21;0,39;0,29;0,10;0,8;73 059;1 346;15 114;338 768;337 539;21 405;368;35 583;47 031;50 214;332 698;82 078
1988;1;49 684;31 762;176 533;4 757;262 870;1,38;0,77;0,10;0,13;0,04;0,02;0,29;0,48;0,03;0,12;0,10;0,00;0,23;0,60;0,61;0,23;0,24;-0,01;1,4;71 378;1 313;14 695;336 410;334 490;21 199;364;34 617;46 117;49 532;330 015;81 579
1987;4;49 293;31 303;176 410;4 692;261 897;1,66;1,70;0,14;0,14;0,97;0,02;1,27;0,43;0,02;0,13;0,01;0,00;0,27;-0,04;-0,04;0,45;0,71;-0,26;1,4;69 870;1 247;14 303;331 889;331 958;20 813;360;33 952;45 554;48 929;325 571;80 714
1987;3;48 750;30 840;173 375;4 627;257 745;0,49;0,79;0,09;0,10;0,12;0,02;0,32;0,47;0,02;0,13;0,07;0,00;0,26;-0,30;-0,30;0,64;0,40;0,24;0,7;68 518;1 191;13 906;326 514;326 442;20 764;357;33 185;44 580;47 364;321 071;79 696
1987;2;48 414;30 519;173 016;4 565;256 701;1,18;1,44;0,08;0,07;0,76;0,02;0,93;0,51;0,01;0,16;0,01;0,00;0,33;-0,27;-0,26;0,42;0,35;0,06;1,2;67 047;1 156;13 505;324 924;323 884;20 503;354;32 438;43 197;46 474;318 741;79 028
1987;1;48 108;30 288;170 678;4 504;253 712;0,99;0,54;0,00;0,06;0,44;0,02;0,52;0,01;0,00;-0,11;0,09;0,00;0,04;0,45;0,46;-0,11;0,70;-0,81;0,2;65 481;1 135;13 018;321 183;319 300;20 447;352;31 517;42 308;45 709;314 827;78 488
1986;4;48 108;30 077;169 316;4 447;252 027;0,15;0,56;0,11;0,07;0,17;0,01;0,37;0,20;0,01;0,03;0,04;0,00;0,12;-0,40;-0,41;-0,23;-0,31;0,08;0,2;65 426;1 134;13 364;318 019;317 571;20 099;350;31 407;42 585;44 175;314 250;78 258
1986;3;47 698;29 846;168 816;4 405;250 883;0,90;0,68;0,09;0,07;0,27;0,01;0,44;0,24;0,01;0,06;0,00;0,00;0,16;0,21;0,22;0,25;0,65;-0,40;0,5;64 831;1 113;13 259;317 545;315 822;19 960;345;31 089;43 020;44 726;313 519;77 618
1986;2;47 356;29 638;168 015;4 380;249 524;1,83;1,48;0,07;0,08;0,99;0,00;1,15;0,33;0,01;0,17;0,00;0,00;0,14;0,35;0,35;-0,17;0,50;-0,67;1,2;64 106;1 086;13 077;314 773;313 725;19 944;340;30 642;42 537;43 568;311 948;77 068
1986;1;47 090;29 379;165 092;4 371;245 981;0,76;0,61;0,04;0,06;0,43;0,00;0,52;0,09;0,01;-0,13;0,01;0,00;0,19;0,14;0,14;-0,29;0,13;-0,43;0,3;63 136;1 055;12 577;309 190;309 208;19 929;333;30 267;42 863;42 685;308 372;76 535
1985;4;46 950;29 200;163 839;4 375;244 378;0,73;0,93;0,13;0,06;0,63;0,00;0,82;0,12;0,01;0,03;0,03;0,00;0,05;-0,21;-0,20;0,31;0,65;-0,34;0,4;62 859;1 021;12 961;306 891;307 336;19 877;325;29 753;43 419;42 417;307 366;76 208
1985;3;46 482;29 030;161 979;4 378;241 874;1,53;0,67;0,03;0,04;0,31;0,00;0,38;0,29;0,01;0,06;0,04;0,00;0,18;0,86;0,85;-0,39;0,61;-1,00;0,5;62 523;990;12 888;304 689;304 508;19 778;318;29 630;42 862;41 313;306 191;75 580
1985;2;46 361;28 918;161 069;4 376;240 709;0,36;0,82;0,11;0,10;0,21;0,00;0,42;0,40;0,00;0,18;-0,09;0,00;0,30;-0,46;-0,46;0,45;-0,02;0,46;0,8;61 679;970;12 701;300 099;302 476;19 639;313;29 158;43 575;40 284;304 593;75 343
1985;1;45 987;28 622;160 463;4 368;239 454;0,64;0,88;0,12;0,04;0,77;0,00;0,93;-0,05;0,00;0,02;-0,06;0,00;-0,02;-0,24;-0,24;-0,04;0,23;-0,27;0,4;60 527;965;12 171;299 027;300 031;19 954;310;28 367;42 773;40 315;302 106;74 667
1984;4;45 569;28 509;158 215;4 358;236 636;0,49;-0,07;0,07;0,05;-0,36;0,00;-0,25;0,17;0,00;0,06;-0,08;0,00;0,19;0,57;0,56;0,08;0,70;-0,62;-0,1;60 679;968;12 111;297 126;297 406;20 166;308;28 406;42 845;39 944;300 987;74 148
1984;3;45 344;28 351;159 280;4 353;237 382;0,28;0,29;0,17;0,11;0,03;0,00;0,31;-0,01;0,01;0,07;-0,15;0,00;0,05;-0,01;-0,02;0,23;-0,11;0,34;0,6;60 191;959;11 949;295 670;297 627;20 457;307;27 909;42 697;38 747;301 375;73 763
1984;2;44 772;28 014;159 196;4 355;236 462;-0,33;0,35;0,10;0,07;0,32;0,00;0,48;-0,13;0,02;-0,05;-0,01;0,00;-0,09;-0,68;-0,67;0,62;-0,09;0,72;0,4;60 229;933;11 753;294 850;296 760;20 980;305;27 777;42 290;38 936;299 537;72 856
1984;1;44 447;27 815;158 266;4 365;235 025;0,82;0,27;0,08;-0,06;0,21;0,00;0,23;0,05;0,02;0,04;-0,07;0,00;0,05;0,55;0,54;0,20;0,51;-0,31;0,5;60 594;891;11 906;295 814;295 726;21 014;304;28 000;41 172;39 095;298 373;72 331
1983;4;44 173;28 003;157 655;4 379;234 353;0,56;0,34;0,08;0,03;0,26;0,00;0,38;-0,04;0,02;-0,01;-0,08;0,00;0,03;0,23;0,23;0,46;0,40;0,06;0,6;60 469;839;11 785;293 417;294 926;21 262;303;27 881;40 829;38 231;296 867;72 272
1983;3;43 898;27 899;156 899;4 388;233 233;-0,10;-0,12;0,10;0,06;-0,19;0,00;-0,03;-0,09;0,01;-0,04;-0,04;0,00;-0,02;0,02;0,02;0,50;0,29;0,21;0,1;60 581;797;11 816;291 781;293 942;21 544;301;27 806;40 000;37 563;295 034;71 897
1983;2;43 567;27 725;157 444;4 389;233 334;-1,28;-0,24;-0,06;0,08;0,01;0,00;0,03;-0,27;0,01;-0,09;-0,05;0,00;-0,14;-1,02;-1,04;0,54;-0,91;1,45;0,2;60 816;767;11 936;292 065;294 291;21 682;299;27 854;39 106;37 085;294 704;71 393
1983;1;43 769;27 492;157 422;4 382;233 252;0,24;-0,22;0,09;0,01;-0,21;0,00;-0,11;-0,11;0,00;0,00;0,01;0,00;-0,12;0,45;0,46;-0,15;-0,23;0,08;0,3;61 549;752;12 180;295 781;294 991;21 840;296;28 213;38 143;38 595;294 215;71 338
1982;4;43 487;27 469;158 019;4 369;233 584;-0,18;0,50;0,11;0,05;0,59;0,01;0,75;-0,25;0,00;-0,05;-0,14;0,00;-0,06;-0,67;-0,68;0,78;0,10;0,68;0,5;61 830;748;12 161;295 086;295 625;21 814;294;28 511;38 421;38 975;293 280;71 044
1982;3;43 133;27 322;156 351;4 353;231 381;0,34;0,26;0,19;0,20;0,17;0,01;0,56;-0,30;0,00;-0,07;-0,06;0,00;-0,17;0,07;0,08;-0,33;-0,09;-0,24;0,1;62 519;749;12 311;295 607;294 183;22 306;290;28 656;37 021;38 802;291 839;70 546
1982;2;42 508;26 737;155 882;4 335;229 752;1,07;0,79;0,09;0,08;0,56;0,01;0,74;0,05;0,00;0,08;-0,14;0,00;0,11;0,27;0,28;-0,23;0,15;-0,37;0,7;63 329;751;12 511;294 637;293 435;22 515;288;29 068;37 604;38 950;291 540;69 323
1982;1;42 198;26 514;154 303;4 317;227 604;1,18;0,52;0,24;0,10;0,37;0,01;0,71;-0,20;0,00;-0,01;-0,18;0,00;-0,01;0,65;0,67;-0,30;0,02;-0,32;0,9;63 204;755;12 284;291 597;291 185;23 007;285;28 795;38 006;38 704;289 540;68 787
1981;4;41 414;26 229;153 292;4 298;225 564;1,60;1,04;0,10;0,02;0,70;0,00;0,82;0,22;0,00;0,11;-0,10;0,00;0,21;0,57;0,56;-0,35;0,71;-1,06;0,5;63 730;757;12 318;288 265;289 726;23 614;283;28 817;38 542;38 722;287 067;67 731
1981;3;41 078;26 172;151 337;4 285;223 173;0,59;0,21;0,11;0,09;0,09;0,00;0,29;-0,08;0,01;0,03;-0,06;0,00;-0,07;0,38;0,37;0,53;0,46;0,07;0,7;63 147;753;12 012;283 717;286 753;23 949;281;28 309;39 158;37 496;285 524;67 348
1981;2;40 731;25 904;151 080;4 279;222 330;-0,48;1,01;0,08;0,09;0,81;0,00;0,98;0,03;0,01;0,04;-0,02;0,00;-0,01;-1,48;-1,49;0,76;-0,39;1,15;0,7;63 359;737;11 918;282 061;286 154;24 134;280;28 467;38 219;36 704;283 661;66 728
1981;1;40 456;25 644;148 846;4 281;219 520;-0,25;0,09;0,06;0,09;0,07;0,00;0,21;-0,12;0,01;0,05;-0,09;0,00;-0,10;-0,32;-0,33;0,30;-0,32;0,61;0,4;63 280;712;11 792;283 414;283 311;24 197;278;28 488;36 885;37 362;281 784;66 187
1980;4;40 280;25 401;148 664;4 289;218 945;-0,61;0,19;0,07;0,03;0,27;0,00;0,37;-0,18;0,01;-0,02;-0,04;0,00;-0,13;-0,81;-0,81;0,32;-0,14;0,46;-0,2;63 596;683;11 640;284 096;283 091;24 483;276;28 728;36 366;37 886;280 751;65 759
1980;3;40 040;25 321;147 903;4 290;217 865;0,55;0,32;0,09;0,07;0,11;0,00;0,28;0,03;0,00;0,00;-0,09;0,00;0,12;0,23;0,23;-0,40;0,07;-0,47;0,1;64 076;667;11 695;285 841;282 540;24 612;275;29 042;35 811;38 148;281 179;65 443
1980;2;39 737;25 106;147 581;4 282;217 047;-0,64;-0,16;0,10;0,06;-0,25;0,01;-0,09;-0,07;-0,01;-0,02;-0,07;0,00;0,04;-0,48;-0,48;-0,14;-0,16;0,02;-0,6;63 985;670;11 694;284 283;281 638;24 916;272;28 744;36 511;38 018;280 966;64 923
1980;1;39 402;24 935;148 298;4 267;217 309;1,38;0,66;0,09;0,06;0,32;0,01;0,48;0,17;-0,03;-0,03;0,06;0,00;0,16;0,72;0,72;0,29;0,64;-0,36;1,0;64 172;689;11 763;286 123;282 095;25 163;269;28 659;36 756;38 304;282 738;64 419
1979;4;39 102;24 748;147 403;4 247;215 913;0,21;0,83;0,11;0,06;0,25;0,01;0,44;0,39;0,00;0,01;0,09;0,00;0,30;-0,64;-0,62;0,09;0,04;0,05;0,3;63 709;738;11 845;282 217;280 230;24 951;266;28 267;36 257;37 137;279 886;
1979;3;38 734;24 560;146 696;4 219;214 642;1,35;0,87;0,11;0,06;0,14;0,01;0,32;0,55;0,01;0,05;0,06;0,00;0,42;0,47;0,47;0,75;0,78;-0,03;1,3;62 668;748;11 813;281 620;277 870;24 660;263;27 567;36 104;37 069;279 153;
1979;2;38 381;24 381;146 310;4 189;213 720;0,66;0,68;0,07;0,04;0,37;0,01;0,49;0,19;0,01;0,07;-0,03;0,00;0,14;-0,02;-0,02;0,04;0,16;-0,12;0,5;61 223;728;11 651;277 857;275 422;24 463;260;26 581;34 825;35 665;275 524;
1979;1;38 150;24 275;145 298;4 164;212 339;1,03;0,48;0,06;0,03;0,55;0,01;0,65;-0,18;0,02;-0,08;0,04;0,00;-0,15;0,55;0,55;0,47;0,62;-0,15;0,9;60 726;701;11 441;276 020;273 534;24 573;257;26 263;34 758;35 373;274 054;
1978;4;37 951;24 189;143 798;4 139;210 498;1,39;1,28;0,15;0,08;0,73;0,01;0,97;0,31;0,02;0,07;0,07;0,00;0,15;0,09;0,10;0,25;0,55;-0,30;1,1;61 181;667;11 669;273 192;272 209;24 453;255;26 618;33 966;34 248;271 679;
1978;3;37 495;23 965;141 838;4 103;207 809;0,48;0,50;0,17;0,09;0,16;0,01;0,42;0,08;0,00;-0,01;0,14;0,00;-0,06;-0,03;-0,02;0,41;0,08;0,32;0,8;60 386;635;11 471;269 437;268 719;24 218;253;26 276;33 562;33 338;268 767;
1978;2;36 980;23 720;141 417;4 074;206 644;1,16;1,47;0,21;0,11;0,82;0,01;1,15;0,32;0,00;0,05;0,08;0,00;0,19;-0,33;-0,31;0,22;0,32;-0,09;1,1;60 187;633;11 493;268 151;267 360;23 770;251;26 406;32 910;33 199;266 635;
1978;1;36 349;23 420;139 258;4 047;203 529;1,51;1,46;0,29;0,16;0,63;0,01;1,09;0,36;-0,01;-0,04;0,28;0,00;0,13;0,04;0,05;0,27;0,46;-0,19;1,3;59 378;638;11 354;265 071;263 435;23 516;250;25 974;32 554;32 686;263 824;
1977;4;35 471;22 993;137 629;4 011;200 604;0,52;0,45;0,20;0,09;0,25;0,01;0,55;-0,10;-0,01;-0,03;0,06;0,00;-0,13;0,07;0,07;0,35;0,06;0,30;0,8;58 474;653;11 474;261 113;259 591;22 642;248;25 685;32 124;31 939;260 391;
1977;3;34 870;22 729;136 994;3 992;199 138;0,30;1,00;0,18;0,08;0,67;0,01;0,93;0,07;0,01;0,01;0,04;0,00;0,01;-0,72;-0,70;0,53;-0,08;0,61;0,9;58 720;670;11 551;259 763;258 416;22 444;246;25 963;31 571;31 846;258 288;
1977;2;34 337;22 508;135 289;3 974;196 663;0,00;0,21;0,14;0,05;0,12;0,01;0,32;-0,11;0,02;-0,27;0,04;0,00;0,10;-0,21;-0,20;0,27;-0,05;0,32;0,3;58 546;657;11 534;258 983;255 800;22 310;244;25 937;30 746;31 966;255 962;
1977;1;33 922;22 359;134 977;3 961;195 813;0,74;0,33;0,09;0,02;0,01;0,00;0,12;0,21;0,04;0,02;-0,14;0,00;0,29;0,40;0,41;0,17;-0,24;0,41;1,2;58 825;621;12 290;258 973;255 266;22 197;240;25 729;30 331;32 045;255 139;
1976;4;33 658;22 302;134 948;3 955;195 497;0,08;0,43;0,05;0,01;0,51;0,00;0,57;-0,14;0,01;-0,12;0,09;0,00;-0,13;-0,35;-0,35;0,66;0,06;0,60;0,7;58 314;557;12 218;257 094;254 414;22 620;236;25 122;30 059;32 427;252 236;
1976;3;33 522;22 274;133 672;3 954;194 017;1,65;0,44;0,09;0,05;0,74;0,01;0,89;-0,44;0,00;-0,10;-0,17;0,00;-0,16;1,19;1,20;0,24;0,79;-0,54;1,1;58 654;537;12 543;256 896;253 321;22 338;233;25 399;29 073;32 327;250 549;
1976;2;33 263;22 129;131 858;3 940;191 742;1,56;0,71;0,07;0,06;0,49;0,01;0,62;0,09;-0,02;-0,04;0,24;0,00;-0,09;0,84;0,85;0,73;0,92;-0,18;1,4;59 696;540;12 821;252 758;252 197;22 856;230;25 743;28 715;31 111;247 810;
1976;1;33 061;21 974;130 675;3 926;190 169;1,76;1,50;0,09;0,09;0,72;0,01;0,91;0,59;0,00;0,06;0,00;0,00;0,54;0,26;0,25;0,53;1,30;-0,77;1,0;59 475;565;12 928;248 886;250 416;22 141;226;25 937;27 643;29 709;244 436;
1975;4;32 793;21 733;128 930;3 903;187 865;2,73;1,87;0,18;0,12;1,04;0,01;1,35;0,52;0,00;0,09;-0,05;0,00;0,48;0,88;0,86;0,34;1,00;-0,67;2,1;58 113;573;12 774;244 567;246 694;22 142;224;24 843;26 891;27 646;242 059;
1975;3;32 283;21 415;126 520;3 876;184 567;0,19;0,70;0,15;0,08;0,85;0,00;1,08;-0,38;-0,02;0,10;-0,12;0,00;-0,33;-0,51;-0,51;0,12;0,27;-0,15;0,0;56 955;577;12 548;238 060;242 214;22 283;222;23 901;26 447;26 320;237 162;
1975;2;31 858;21 209;124 559;3 874;181 941;0,16;0,60;0,21;0,09;0,44;0,00;0,75;-0,15;0,00;0,12;-0,21;0,00;-0,06;-0,44;-0,44;-0,40;0,04;-0,43;-0,3;57 802;608;12 292;237 614;240 544;22 638;220;24 555;26 289;25 963;237 076;
1975;1;31 247;20 953;123 545;3 874;180 113;-1,42;-0,25;0,18;0,06;0,08;-0,01;0,31;-0,56;-0,01;0,09;-0,25;0,00;-0,39;-1,12;-1,17;-0,74;-1,50;0,77;-0,7;58 134;611;11 977;237 232;239 106;23 247;220;24 666;26 818;25 916;237 727;
1974;4;30 724;20 809;123 376;3 898;179 393;-2,78;-0,61;0,22;0,06;-0,20;0,00;0,07;-0,68;-0,01;0,05;-0,14;0,00;-0,57;-2,19;-2,17;0,00;-1,04;1,05;-1,7;59 361;619;11 748;240 570;239 739;23 968;220;25 404;27 848;27 669;239 287;
1974;3;30 102;20 632;123 863;3 908;179 213;0,48;-0,03;0,14;0,01;0,07;-0,01;0,20;-0,24;0,00;0,07;-0,04;0,00;-0,28;0,52;0,51;0,36;-0,09;0,45;0,9;60 980;634;11 620;247 564;241 271;24 398;219;26 609;27 840;29 473;243 506;
1974;2;29 715;20 614;123 688;3 934;178 694;0,64;0,82;0,23;0,05;0,33;0,00;0,61;0,21;0,02;0,00;0,00;0,00;0,19;-0,20;-0,18;0,19;0,13;0,06;0,7;61 546;634;11 419;246 366;241 357;24 509;218;27 187;27 304;29 629;241 254;
1974;1;29 067;20 459;122 906;3 932;177 157;1,34;0,38;0,15;0,00;0,11;0,00;0,26;0,11;0,00;0,02;0,21;0,00;-0,12;0,97;0,97;0,83;0,48;0,34;1,7;61 052;602;11 428;244 782;239 320;24 494;216;26 804;27 028;29 414;239 572;
1973;4;28 636;20 451;122 640;3 944;176 510;0,71;1,74;0,18;0,02;1,21;0,00;1,41;0,33;0,02;0,01;0,19;0,00;0,10;-1,08;-1,03;0,72;0,34;0,39;1,1;60 789;596;11 362;241 513;238 401;23 893;214;27 044;25 832;28 597;235 602;
1973;3;28 131;20 406;119 844;3 935;173 050;1,94;1,08;0,20;0,02;0,26;0,01;0,48;0,60;0,04;0,01;0,18;0,00;0,37;0,84;0,86;0,32;0,69;-0,37;1,6;60 042;570;11 337;239 800;234 196;23 333;210;26 836;24 798;28 047;233 036;
1973;2;27 599;20 351;119 260;3 909;171 887;1,41;1,12;0,24;0,04;0,36;0,02;0,66;0,47;0,03;-0,01;0,22;0,01;0,23;0,27;0,29;0,45;0,26;0,20;1,6;58 690;527;11 307;235 209;231 623;22 810;204;26 107;24 352;26 943;229 431;
1973;1;26 965;20 241;118 457;3 860;170 333;2,03;2,02;0,33;0,06;1,24;0,03;1,66;0,36;0,01;0,05;0,15;0,01;0,14;-0,03;0,01;0,54;0,82;-0,28;1,7;57 652;496;11 342;231 924;228 995;22 171;196;25 667;23 727;26 539;225 800;
1972;4;26 094;20 086;115 733;3 790;166 475;1,69;1,22;0,18;0,06;0,45;0,02;0,71;0,51;0,03;0,08;0,16;0,01;0,23;0,46;0,47;0,84;0,96;-0,12;1,6;56 865;474;11 215;227 281;224 356;21 755;187;25 402;22 962;25 205;221 923;
1972;3;25 627;19 914;114 778;3 737;164 852;1,68;1,79;0,15;0,06;1,18;0,01;1,40;0,40;0,03;0,03;0,16;0,01;0,17;-0,14;-0,12;0,00;0,24;-0,24;1,4;55 771;441;11 022;223 484;221 600;21 299;178;24 971;21 901;23 844;218 493;
1972;2;25 250;19 755;112 288;3 706;161 708;0,29;0,71;0,15;0,08;0,13;0,01;0,36;0,35;0,03;0,02;0,16;0,00;0,14;-0,44;-0,43;0,77;0,20;0,57;0,9;54 941;409;10 957;219 771;217 620;20 856;172;24 658;21 901;23 505;215 401;
1972;1;24 863;19 549;112 025;3 689;160 898;1,77;1,43;0,08;0,05;0,86;-0,01;0,98;0,45;0,02;-0,04;0,36;0,00;0,10;0,32;0,34;0,62;1,28;-0,66;1,1;54 213;378;10 918;219 144;216 051;20 424;167;24 402;20 946;23 226;213 576;
1971;4;24 676;19 419;110 242;3 703;158 746;0,90;1,05;0,14;0,06;0,60;0,00;0,80;0,24;0,02;-0,03;0,01;0,00;0,24;-0,17;-0,15;-0,01;-0,07;0,06;1,0;53 285;356;11 007;215 309;212 947;19 443;164;24 214;20 183;21 466;211 233;
1971;3;24 339;19 245;109 013;3 696;156 987;1,48;1,38;0,16;0,06;0,78;0,01;1,01;0,37;0,01;0,05;-0,11;0,00;0,42;0,09;0,10;0,71;0,83;-0,12;1,4;52 792;334;11 077;213 380;210 691;19 414;161;23 798;20 199;21 558;209 240;
1971;2;23 946;19 080;107 446;3 675;154 811;1,18;1,53;0,18;0,06;0,82;0,01;1,07;0,46;0,00;0,11;-0,05;0,00;0,40;-0,39;-0,36;0,27;0,39;-0,13;1,1;52 047;320;10 970;210 231;207 757;19 695;157;23 076;19 354;20 461;206 415;
1971;1;23 507;18 929;105 809;3 641;152 519;1,09;1,55;0,25;0,07;0,45;0,02;0,79;0,76;-0,02;-0,10;0,61;0,00;0,27;-0,50;-0,46;0,32;-0,19;0,50;1,6;51 135;315;10 723;207 759;204 531;19 835;153;22 395;19 037;19 942;204 266;
1970;4;22 932;18 735;104 923;3 586;150 857;1,10;1,67;0,20;0,07;1,32;0,02;1,61;0,06;-0,01;0,06;-0,26;0,00;0,26;-0,62;-0,57;0,41;0,19;0,22;1,3;49 656;330;10 952;205 502;201 320;18 286;149;21 944;18 680;20 199;201 057;
1970;3;22 448;18 561;102 376;3 532;147 509;1,27;0,96;0,17;0,06;0,35;0,02;0,59;0,37;0,00;0,04;0,24;0,00;0,09;0,29;0,31;0,35;0,60;-0,25;1,0;49 546;337;10 816;203 253;197 912;18 919;147;21 516;18 205;19 953;198 435;
1970;2;22 061;18 405;101 715;3 479;146 287;1,62;1,50;0,17;0,07;0,64;0,03;0,90;0,60;0,02;0,09;0,27;0,00;0,22;0,09;0,12;0,56;0,53;0,02;1,6;48 854;337;10 726;200 677;195 972;18 343;145;21 370;17 800;19 164;196 425;
1970;1;21 681;18 215;100 517;3 420;144 463;1,14;1,25;0,12;0,06;1,07;0,03;1,27;-0,02;0,03;0,07;-0,28;0,00;0,15;-0,14;-0,11;0,68;0,27;0,41;1,5;47 734;315;10 535;197 445;192 982;17 699;144;21 010;17 167;18 477;193 239;
1969;4;21 419;18 054;98 533;3 364;141 915;0,63;0,23;0,13;0,06;-0,41;0,02;-0,19;0,42;0,00;-0,01;0,59;0,00;-0,16;0,39;0,40;0,71;-0,17;0,88;1,5;47 776;285;10 386;195 218;190 537;18 356;145;20 773;16 388;18 142;190 293;
1969;3;21 123;17 890;99 285;3 311;142 298;0,71;1,16;0,14;0,07;0,56;0,02;0,79;0,37;0,00;0,08;0,24;0,00;0,04;-0,47;-0,45;0,48;-0,17;0,65;1,4;47 027;283;10 407;194 009;190 099;16 989;145;21 025;15 621;18 351;187 464;
1969;2;20 805;17 725;98 276;3 262;140 762;2,60;2,75;0,18;0,08;1,50;0,02;1,80;0,96;0,03;0,11;0,12;0,00;0,70;-0,22;-0,15;0,41;0,93;-0,52;2,1;46 383;281;10 238;192 656;187 899;16 451;144;20 957;15 107;18 552;184 946;
1969;1;20 397;17 520;95 625;3 210;137 341;1,07;-0,06;0,15;0,05;-0,16;0,02;0,06;-0,12;-0,04;-0,01;-0,04;0,00;-0,04;1,13;1,14;0,50;0,58;-0,08;1,0;44 739;257;10 026;187 808;182 774;16 189;142;19 905;14 678;17 456;181 172;
1968;4;20 069;17 376;95 915;3 172;137 237;2,40;2,10;0,15;0,07;1,41;0,02;1,64;0,45;0,01;0,04;-0,04;0,00;0,44;0,27;0,30;-0,32;0,78;-1,10;1,3;44 940;289;10 026;185 827;182 894;16 276;139;19 925;14 147;16 721;179 393;
1968;3;19 740;17 199;93 478;3 137;134 143;6,95;5,61;0,28;0,15;2,72;0,03;3,18;2,43;0,10;0,11;0,32;0,00;1,90;1,33;1,34;3,40;2,61;0,79;7,7;44 193;285;9 944;181 457;179 066;16 361;137;19 312;14 459;15 862;177 107;
1968;2;19 171;16 839;89 098;3 084;128 578;-4,13;-1,63;0,04;0,04;-0,23;0,00;-0,14;-1,49;-0,07;-0,33;0,00;0,00;-1,10;-2,48;-2,51;-2,02;-1,12;-0,90;-5,0;40 491;211;9 730;169 696;169 563;15 717;136;16 881;11 410;13 197;164 395;
1968;1;19 081;16 732;89 479;3 080;128 831;2,37;0,90;0,05;0,07;0,08;0,00;0,20;0,71;0,02;0,01;0,32;0,00;0,36;1,46;1,46;0,81;0,68;0,13;2,5;42 885;265;10 368;177 067;172 467;15 711;136;18 366;13 318;14 404;173 102;
1967;4;18 970;16 571;89 352;3 077;128 476;0,74;0,97;0,06;0,06;0,39;0,00;0,52;0,45;0,02;0,00;0,05;0,00;0,37;-0,24;-0,22;0,51;0,24;0,26;1,0;41 776;248;10 359;172 948;170 894;15 044;136;17 885;12 562;13 686;168 891;
1967;3;18 835;16 415;88 715;3 080;127 554;1,31;1,17;0,10;0,08;0,64;0,00;0,82;0,35;0,00;0,03;0,22;0,00;0,10;0,12;0,14;0,20;0,28;-0,08;1,2;41 086;229;10 362;171 667;169 231;14 933;136;17 405;12 116;13 441;167 210;
1967;2;18 633;16 234;87 674;3 085;126 117;0,55;1,05;0,11;0,08;0,43;-0,01;0,62;0,43;0,00;0,02;0,22;0,00;0,18;-0,51;-0,50;0,30;-0,27;0,57;1,1;40 551;226;10 306;169 444;167 244;14 496;135;17 276;11 940;13 160;165 188;
1967;1;18 404;16 050;86 986;3 096;125 044;1,73;1,86;0,15;0,09;0,83;-0,01;1,07;0,79;0,01;0,23;0,23;0,00;0,32;-0,16;-0,12;0,45;0,56;-0,12;1,6;39 902;226;10 262;168 515;165 480;14 051;134;17 046;11 683;13 424;163 358;
1966;4;18 097;15 831;85 682;3 108;123 210;1,34;1,37;0,14;0,08;0,92;-0,01;1,14;0,23;-0,01;0,15;-0,04;0,00;0,13;-0,05;-0,03;-0,17;0,45;-0,62;0,7;38 738;216;9 850;165 645;162 405;13 609;132;16 647;11 305;12 877;160 759;
1966;3;17 819;15 645;84 240;3 120;121 273;1,40;0,96;0,14;0,07;0,29;-0,01;0,49;0,46;0,01;0,09;-0,03;0,00;0,40;0,44;0,45;0,39;0,54;-0,15;1,3;38 403;221;9 579;163 444;160 162;13 690;130;16 495;11 449;12 454;159 611;
1966;2;17 549;15 477;83 797;3 130;120 444;1,64;1,77;0,13;0,06;1,03;0,00;1,22;0,56;0,00;0,07;0,23;0,00;0,26;-0,16;-0,13;0,17;0,29;-0,12;1,5;37 737;215;9 419;161 164;158 610;13 752;128;16 019;11 132;11 952;157 638;
1966;1;17 294;15 331;82 238;3 140;118 425;1,28;1,09;0,12;0,05;0,51;-0,01;0,68;0,40;0,01;-0,05;0,07;0,00;0,37;0,18;0,19;0,04;0,39;-0,35;0,9;36 948;213;9 298;158 539;155 775;13 327;126;15 714;10 994;11 682;155 281;
1965;4;17 060;15 209;81 468;3 149;117 305;1,39;1,14;0,11;0,05;0,16;0,00;0,31;0,83;0,01;0,00;0,58;0,00;0,23;0,24;0,25;0,39;0,28;0,11;1,5;36 385;208;9 388;156 517;154 056;13 202;124;15 277;10 956;11 326;153 851;
1965;3;16 853;15 105;81 237;3 151;116 803;1,25;1,18;0,11;0,05;0,94;0,00;1,10;0,08;-0,01;0,06;0,02;0,00;0,00;0,06;0,07;0,39;0,19;0,19;1,4;35 233;204;9 380;154 347;152 277;12 113;122;15 005;10 654;11 076;151 584;
1965;2;16 648;15 000;79 864;3 142;115 043;1,67;2,09;0,12;0,06;1,31;0,01;1,50;0,59;0,02;0,14;0,16;0,00;0,26;-0,46;-0,42;0,36;0,33;0,02;1,7;35 125;209;9 279;152 417;150 458;12 076;121;15 001;10 360;10 908;149 422;
1965;1;16 415;14 877;77 989;3 120;112 686;0,06;0,13;0,11;0,05;-0,12;0,02;0,07;0,07;0,00;0,10;0,06;0,00;-0,09;-0,08;-0,07;0,34;-0,19;0,53;0,6;34 333;193;9 041;149 883;147 295;11 781;120;14 712;10 092;10 623;146 929;
1964;4;16 205;14 761;78 161;3 089;112 584;0,92;1,20;0,13;0,06;0,65;0,02;0,86;0,34;-0,01;0,19;0,28;0,00;-0,12;-0,31;-0,28;0,56;0,07;0,49;1,4;34 246;194;8 879;149 797;147 096;11 681;119;14 815;9 837;10 789;146 064;
1964;3;15 962;14 632;77 259;3 056;111 270;0,74;1,34;0,15;0,07;0,43;0,02;0,67;0,67;0,02;0,13;0,25;0,00;0,27;-0,64;-0,60;0,14;-0,05;0,18;0,9;33 790;199;8 569;148 433;145 317;11 168;119;14 950;9 424;10 732;144 026;
1964;2;15 688;14 487;76 666;3 019;110 256;1,56;0,63;0,13;0,06;0,11;0,02;0,32;0,31;-0,01;0,09;0,11;0,00;0,11;0,91;0,92;-0,14;0,27;-0,41;1,1;32 910;185;8 366;147 350;143 352;10 714;118;14 657;9 325;10 770;142 709;
1964;1;15 446;14 361;76 517;2 985;109 771;2,29;2,15;0,16;0,07;1,08;0,02;1,34;0,82;0,00;0,23;0,31;0,00;0,27;0,10;0,13;0,58;0,73;-0,15;2,1;32 511;190;8 220;145 094;142 437;10 517;118;14 537;9 423;10 554;141 087;
1963;4;15 160;14 207;75 068;2 946;107 804;0,63;0,95;0,15;0,06;0,72;0,01;0,95;0,00;0,01;0,07;-0,36;0,00;0,28;-0,34;-0,32;0,00;0,59;-0,59;0,0;31 480;187;7 862;141 845;139 378;9 978;117;14 252;9 018;9 966;138 138;
1963;3;14 881;14 071;74 114;2 925;106 407;3,05;2,64;0,20;0,08;1,08;0,01;1,37;1,27;0,03;0,16;0,63;0,00;0,46;0,35;0,41;0,47;0,31;0,16;3,2;31 480;181;7 748;140 947;138 025;10 625;117;13 956;9 020;9 520;138 086;
1963;2;14 537;13 905;72 718;2 916;104 456;4,80;3,38;0,22;0,09;1,64;0,00;1,95;1,43;0,03;0,63;0,21;0,00;0,55;1,42;1,43;0,63;1,30;-0,67;4,1;29 895;164;7 504;136 752;134 375;9 535;116;13 488;8 715;9 295;133 793;
1963;1;14 167;13 733;70 686;2 922;101 787;-0,71;1,07;0,09;0,00;1,03;-0,01;1,11;-0,04;-0,01;-0,30;0,20;0,00;0,07;-1,83;-1,78;0,18;0,03;0,15;-0,6;28 185;144;6 571;130 404;129 893;9 187;116;12 943;8 318;8 380;128 484;
1962;4;14 016;13 737;69 409;2 931;100 258;0,99;0,67;0,13;0,05;0,53;0,00;0,71;-0,04;0,01;0,11;-0,01;0,00;-0,15;0,31;0,32;0,25;0,17;0,08;1,1;28 233;152;7 013;131 347;128 464;8 853;115;12 875;8 205;8 361;129 202;
1962;3;13 798;13 629;68 767;2 934;99 294;2,47;1,69;0,14;0,08;0,94;0,01;1,16;0,53;0,01;0,12;-0,01;0,00;0,41;0,78;0,78;-0,06;0,48;-0,54;1,9;28 278;147;6 856;130 041;127 582;8 863;114;13 019;8 052;8 243;127 832;
1962;2;13 569;13 478;67 642;2 923;97 745;1,05;1,39;0,15;0,10;0,90;0,01;1,16;0,23;0,00;0,13;0,00;0,00;0,09;-0,37;-0,34;-0,05;-0,52;0,47;1,5;27 663;144;6 686;126 846;125 396;8 871;113;12 629;8 085;7 920;125 407;
1962;1;13 330;13 285;66 579;2 898;96 216;2,41;2,50;0,16;0,12;1,71;0,02;2,01;0,49;0,00;0,15;0,01;0,00;0,32;-0,14;-0,09;0,16;0,51;-0,34;2,1;27 400;142;6 497;125 514;123 625;8 871;111;12 545;8 113;8 259;123 534;
1961;4;13 082;13 051;64 602;2 859;93 622;2,25;1,36;0,16;0,11;0,70;0,01;0,98;0,37;0,00;0,15;0,06;0,00;0,16;0,90;0,89;-0,11;0,38;-0,49;1,8;26 852;142;6 287;122 512;120 505;8 854;108;12 250;8 025;7 930;121 035;
1961;3;12 825;12 841;63 812;2 835;92 374;0,93;1,40;0,17;0,10;0,49;0,01;0,76;0,64;0,00;0,14;0,11;0,00;0,38;-0,50;-0,47;0,06;0,05;0,02;0,9;26 443;141;6 081;119 757;118 841;8 770;105;12 104;8 086;7 698;118 947;
1961;2;12 563;12 657;63 259;2 826;91 415;0,83;0,90;0,17;0,09;0,50;0,00;0,76;0,15;0,01;0,13;0,16;0,00;-0,15;-0,09;-0,08;0,35;0,54;-0,19;0,6;25 752;138;5 885;118 633;117 142;8 611;103;11 767;8 052;7 671;117 833;
1961;1;12 296;12 499;62 696;2 831;90 468;1,21;2,79;0,17;0,07;1,35;-0,01;1,59;1,20;0,01;0,12;0,20;0,00;0,88;-1,71;-1,58;0,17;-0,01;0,18;1,4;25 594;135;5 705;117 638;116 050;8 379;101;11 902;7 862;7 345;117 087;
1960;4;12 026;12 366;61 205;2 852;88 510;1,11;1,62;0,13;0,06;0,90;0,00;1,09;0,53;0,01;0,09;0,17;0,00;0,25;-0,59;-0,51;0,01;0,06;-0,04;1,1;24 309;130;5 550;116 198;112 726;8 084;99;11 136;7 772;7 349;115 484;
1960;3;11 820;12 253;60 223;2 856;87 172;1,92;1,29;0,09;0,05;0,54;0,01;0,69;0,60;0,01;0,07;0,13;0,00;0,39;0,61;0,64;0,49;0,73;-0,23;1,7;23 757;126;5 427;114 897;110 813;7 841;98;10 918;7 766;7 316;114 272;
1960;2;11 679;12 160;59 644;2 846;86 343;2,26;1,50;0,05;0,04;0,79;0,02;0,90;0,60;0,00;0,04;0,08;0,00;0,47;0,74;0,76;0,12;-0,12;0,24;2,5;23 141;123;5 338;112 672;109 317;7 660;96;10 586;7 516;6 900;112 377;
1960;1;11 605;12 086;58 815;2 821;85 286;1,54;1,05;0,00;0,03;1,11;0,02;1,17;-0,12;0,00;0,03;0,03;0,00;-0,19;0,47;0,49;1,01;0,43;0,58;2,1;22 534;121;5 281;110 113;107 613;7 550;95;10 196;7 456;6 968;109 631;
1959;4;11 596;12 032;57 672;2 781;83 932;2,68;1,17;0,02;0,04;0,46;0,02;0,53;0,64;0,00;0,06;0,02;0,00;0,55;1,52;1,51;0,72;0,91;-0,19;2,5;22 652;119;5 237;108 412;106 446;7 507;93;10 351;6 975;6 725;107 361;
1959;3;11 572;11 972;57 210;2 749;83 330;0,62;0,71;0,03;0,04;0,41;0,01;0,49;0,22;0,00;0,09;0,00;0,00;0,11;-0,10;-0,08;0,56;0,08;0,48;1,1;22 043;117;5 168;105 532;105 174;7 484;91;9 915;6 626;6 248;104 753;
1959;2;11 533;11 904;56 805;2 725;82 781;0,78;0,54;0,04;0,05;-0,15;0,01;-0,05;0,60;0,01;0,13;-0,01;0,01;0,47;0,23;0,24;0,98;0,51;0,46;1,2;21 839;115;5 059;104 873;104 414;7 483;89;9 827;6 355;6 204;103 613;
1959;1;11 479;11 830;56 948;2 709;82 840;0,00;0,62;0,05;0,05;0,46;0,00;0,56;0,06;0,01;0,15;-0,02;0,00;-0,08;-0,64;-0,62;-0,18;-0,36;0,18;0,2;21 281;112;4 901;104 056;103 837;7 500;87;9 470;5 890;5 942;102 342;
1958;4;11 409;11 749;56 501;2 702;82 224;-0,55;1,37;0,02;0,03;0,95;0,00;1,00;0,37;0,01;0,14;0,00;0,01;0,21;-1,97;-1,92;0,61;-0,25;0,86;0,3;21 221;109;4 710;104 056;103 178;7 525;85;9 531;5 968;6 129;102 157;
1958;3;11 374;11 708;55 574;2 699;81 120;-0,67;-0,20;0,00;0,00;-0,26;0,00;-0,26;0,06;0,01;0,09;0,02;0,01;-0,07;-0,45;-0,47;0,20;-0,26;0,46;-0,2;20 889;106;4 556;104 631;101 737;7 526;81;9 371;5 689;6 253;101 844;
1958;2;11 373;11 707;55 829;2 702;81 409;0,66;-0,22;-0,02;-0,02;0,05;0,00;0,00;-0,22;0,00;0,04;0,06;0,02;-0,34;0,89;0,89;-0,21;0,08;-0,30;0,4;20 836;104;4 457;105 332;101 952;7 496;77;9 425;5 596;6 380;102 059;
1958;1;11 406;11 746;55 779;2 709;81 409;1,24;0,19;-0,05;-0,05;-0,54;-0,01;-0,64;0,83;0,00;-0,02;0,10;0,02;0,73;1,05;1,06;0,11;0,09;0,02;1,3;21 037;102;4 417;104 640;102 185;7 421;71;9 678;5 693;6 339;101 684;
1957;4;11 472;11 825;56 298;2 721;82 109;-0,22;0,40;-0,02;-0,03;0,21;0,00;0,16;0,24;0,00;0,00;0,13;0,02;0,09;-0,62;-0,62;-0,06;-0,55;0,49;0,3;20 301;101;4 442;103 363;101 994;7 296;65;9 143;5 646;6 299;100 419;
1957;3;11 500;11 871;56 102;2 726;81 941;1,44;1,04;0,01;-0,01;0,62;0,00;0,62;0,42;0,01;0,04;0,15;0,01;0,21;0,38;0,40;-0,01;-0,20;0,19;1,6;20 082;99;4 441;103 592;101 583;7 137;60;9 072;5 672;6 563;100 150;
1957;2;11 487;11 885;55 527;2 724;81 287;0,63;0,69;0,04;0,01;0,84;0,01;0,89;-0,20;0,01;0,08;0,16;0,00;-0,45;-0,07;-0,05;0,20;0,12;0,07;0,7;19 710;97;4 399;102 139;100 530;6 950;57;8 915;5 678;6 657;98 547;
1957;1;11 434;11 865;54 752;2 714;80 350;1,71;1,46;0,07;0,03;0,34;0,01;0,46;1,00;0,01;0,14;0,14;-0,01;0,72;0,22;0,25;0,69;0,54;0,15;1,9;19 891;94;4 313;101 505;99 837;6 754;57;9 247;5 592;6 599;97 857;
1956;4;11 342;11 812;54 438;2 697;79 880;1,83;1,72;0,09;0,07;0,82;0,02;0,99;0,73;0,01;0,13;0,10;0,00;0,50;0,07;0,11;-0,04;0,34;-0,38;1,5;19 018;90;4 165;99 821;98 394;6 580;59;8 725;5 294;6 348;96 065;
1956;3;11 215;11 709;53 708;2 670;78 870;1,62;1,54;0,12;0,10;1,08;0,02;1,32;0,22;0,01;0,12;0,03;0,00;0,06;0,04;0,08;0,22;0,60;-0,38;1,2;18 396;87;4 031;98 048;96 712;6 466;59;8 373;5 310;6 197;94 686;
1956;2;11 056;11 556;52 749;2 635;77 536;2,29;2,47;0,14;0,13;0,97;0,03;1,28;1,19;0,00;0,11;-0,02;0,00;1,10;-0,24;-0,18;0,62;1,22;-0,60;1,7;18 210;85;3 905;96 497;95 220;6 431;60;8 330;5 218;5 932;93 524;
1956;1;10 866;11 352;51 904;2 591;76 271;1,68;1,13;0,17;0,17;1,10;0,04;1,47;-0,34;0,00;0,09;-0,04;0,00;-0,39;0,52;0,55;-0,75;0,16;-0,91;0,8;17 223;83;3 791;94 345;92 875;6 456;59;7 579;4 964;5 400;91 975;
1955;4;10 644;11 098;50 954;2 538;74 825;1,69;1,62;0,14;0,14;0,93;0,03;1,24;0,38;0,00;0,09;-0,01;0,00;0,29;0,04;0,07;-0,08;0,51;-0,60;1,1;17 501;82;3 699;92 778;91 807;6 506;59;7 842;5 272;5 327;91 278;
1955;3;10 456;10 893;50 167;2 494;73 627;1,63;1,54;0,12;0,11;0,77;0,03;1,02;0,52;0,00;0,09;0,06;0,00;0,37;0,08;0,10;0,22;0,36;-0,15;1,5;17 194;81;3 606;91 225;90 306;6 521;59;7 646;5 306;5 111;90 294;
1955;2;10 301;10 738;49 527;2 458;72 658;1,93;2,34;0,10;0,07;1,36;0,02;1,55;0,79;0,00;0,08;0,15;0,00;0,55;-0,46;-0,41;-0,06;0,42;-0,48;1,5;16 779;80;3 517;89 740;88 901;6 457;59;7 405;5 220;4 961;88 971;
1955;1;10 180;10 632;48 406;2 431;71 204;1,30;1,34;0,07;0,04;1,03;0,01;1,15;0,19;0,00;0,09;0,23;0,00;-0,13;-0,07;-0,04;-0,01;-0,03;0,02;1,3;16 158;78;3 438;88 013;86 798;6 294;58;7 046;5 242;4 790;87 697;
1954;4;10 091;10 576;47 562;2 412;70 130;0,71;0,60;0,05;0,02;0,12;0,01;0,19;0,41;0,00;0,09;0,27;0,00;0,04;0,09;0,10;0,14;0,09;0,06;0,8;16 005;77;3 357;86 867;85 608;6 047;58;7 125;5 244;4 803;86 555;
1954;3;10 029;10 551;47 468;2 399;69 952;1,07;1,39;0,03;0,00;0,52;0,00;0,55;0,84;0,01;0,11;0,29;0,00;0,43;-0,36;-0,32;0,55;0,07;0,48;1,6;15 694;75;3 272;86 248;85 074;5 752;58;7 099;5 191;4 770;85 902;
1954;2;9 993;10 555;47 051;2 393;69 448;1,54;1,48;0,01;-0,03;0,55;0,00;0,53;0,95;0,01;0,12;0,28;0,00;0,54;0,02;0,06;0,35;0,17;0,19;1,7;15 069;73;3 169;85 324;83 864;5 440;57;6 840;4 988;4 744;84 589;
1954;1;9 984;10 589;46 617;2 393;68 969;1,60;0,46;-0,02;-0,05;0,71;-0,01;0,63;-0,18;0,01;0,11;0,24;0,00;-0,54;1,14;1,14;0,26;0,39;-0,13;1,5;14 374;71;3 060;84 016;82 594;5 145;57;6 521;4 860;4 680;83 153;
1953;4;10 002;10 653;46 069;2 399;68 408;0,77;1,16;0,01;-0,02;0,64;0,00;0,64;0,52;0,01;0,11;0,19;0,00;0,22;-0,42;-0,39;0,67;-0,13;0,80;1,6;14 501;68;2 954;82 682;82 208;4 891;56;6 839;4 765;4 541;81 950;
1953;3;9 991;10 675;45 582;2 398;67 855;0,96;0,70;0,03;0,02;0,28;0,01;0,33;0,36;0,00;0,08;0,13;0,00;0,15;0,25;0,27;-0,39;0,11;-0,50;0,5;14 130;66;2 862;82 052;81 246;4 700;55;6 713;4 533;4 584;80 684;
1953;2;9 955;10 655;45 369;2 391;67 566;1,53;1,53;0,05;0,05;1,02;0,01;1,13;0,40;0,00;0,05;0,07;0,00;0,28;-0,04;0,00;0,02;-0,08;0,10;1,6;13 873;64;2 791;81 268;80 670;4 573;54;6 628;4 666;4 546;80 311;
1953;1;9 891;10 592;44 614;2 377;66 604;1,73;1,66;0,08;0,08;0,93;0,02;1,11;0,55;0,00;0,05;0,03;0,00;0,46;0,03;0,07;-0,17;0,42;-0,59;1,1;13 594;63;2 746;80 044;79 426;4 506;54;6 472;4 659;4 573;79 020;
1952;4;9 800;10 487;43 921;2 356;65 659;-0,43;0,61;0,09;0,09;0,69;0,02;0,89;-0,28;0,00;0,06;0,03;0,00;-0,38;-1,07;-1,05;-0,04;-0,34;0,30;-0,1;13 200;62;2 714;78 676;78 091;4 478;53;6 194;4 718;4 449;78 130;
1952;3;9 691;10 358;43 423;2 330;64 910;0,95;0,93;0,10;0,11;0,59;0,02;0,84;0,09;0,00;0,11;0,05;0,00;-0,06;-0,03;0,01;0,15;0,16;0,00;0,9;13 406;61;2 657;79 018;77 594;4 448;52;6 418;4 731;4 549;78 237;
1952;2;9 565;10 203;42 997;2 298;64 214;-1,14;0,13;0,12;0,13;0,33;0,03;0,61;-0,47;0,00;0,15;0,09;0,00;-0,72;-1,27;-1,28;-0,01;-0,65;0,64;-0,5;13 337;60;2 564;78 280;76 845;4 396;52;6 456;4 683;4 503;77 507;
1952;1;9 422;10 024;42 757;2 261;63 705;1,81;1,43;0,13;0,15;0,97;0,03;1,29;0,14;0,01;0,18;0,14;0,00;-0,19;0,28;0,38;-0,19;-0,06;-0,13;1,7;13 684;58;2 431;79 176;76 736;4 303;51;6 880;4 687;4 694;77 902;
1951;4;9 263;9 821;42 068;2 219;62 643;2,25;1,29;0,14;0,13;0,62;0,03;0,91;0,37;0,00;0,13;0,18;0,00;0,06;0,94;0,97;-0,73;0,55;-1,28;1,0;13 583;56;2 274;77 789;75 596;4 163;52;6 991;4 746;4 729;76 608;
1951;3;9 101;9 654;41 640;2 178;61 908;2,08;1,36;0,14;0,10;0,82;0,03;1,09;0,27;0,00;0,07;0,23;0,00;-0,04;0,70;0,72;0,26;0,87;-0,61;1,5;13 317;54;2 158;76 050;74 592;3 970;52;6 958;4 967;4 560;75 868;
1951;2;8 939;9 523;41 080;2 139;61 041;1,66;0,60;0,14;0,07;0,33;0,03;0,58;0,02;0,00;0,00;0,26;0,00;-0,25;1,09;1,06;-0,09;0,80;-0,89;0,8;13 129;53;2 096;74 471;73 546;3 729;51;6 979;4 887;4 296;74 771;
1951;1;8 776;9 428;40 854;2 101;60 584;0,50;2,27;0,14;0,04;1,01;0,03;1,22;1,05;0,00;-0,05;0,27;0,00;0,83;-1,90;-1,77;-0,03;0,41;-0,44;0,1;13 117;53;2 093;73 216;73 090;3 461;51;7 116;4 915;4 057;74 195;
1950;4;8 611;9 370;40 172;2 064;59 622;1,24;1,18;0,14;0,08;0,80;0,03;1,04;0,13;0,00;-0,05;0,23;0,00;-0,05;0,04;0,07;1,99;0,78;1,21;2,5;12 393;53;2 142;72 832;71 360;3 183;51;6 658;4 914;3 937;74 147;
1950;3;8 454;9 268;39 645;2 029;58 819;2,15;3,19;0,13;0,11;2,45;0,03;2,72;0,47;0,01;-0,02;0,16;0,00;0,31;-1,18;-1,03;0,72;0,43;0,29;2,4;12 303;52;2 178;71 909;70 486;2 960;51;6 683;4 348;3 700;72 370;
1950;2;8 305;9 123;38 069;1 994;56 767;1,73;1,94;0,13;0,15;1,32;0,03;1,63;0,32;0,01;0,03;0,09;0,00;0,18;-0,29;-0,21;0,53;-0,26;0,78;2,5;12 001;50;2 191;70 349;68 169;2 804;51;6 520;4 148;3 574;70 641;
1950;1;8 166;8 935;37 241;1 960;55 571;;;;;;;;;;;;;;;;;;;2,8;11 800;47;2 169;69 126;66 792;2 715;50;6 426;4 006;3 648;68 907;
1949;4;8 019;8 702;36 671;1 928;54 685;;;;;;;;;;;;;;;;;;;1,2;11 771;43;2 098;67 614;65 893;2 687;50;6 463;3 705;3 332;67 011;
1949;3;7 924;8 529;36 820;1 903;54 579;;;;;;;;;;;;;;;;;;;1,5;11 644;40;2 060;67 151;65 669;2 666;50;6 411;3 615;3 532;66 203;
1949;2;7 861;8 414;35 992;1 887;53 555;;;;;;;;;;;;;;;;;;;0,9;11 495;37;2 021;66 393;64 501;2 640;49;6 338;3 588;3 704;65 204;
1949;1;7 828;8 356;35 692;1 879;53 159;;;;;;;;;;;;;;;;;;;;11 328;36;1 986;65 913;63 948;2 596;49;6 260;3 481;3 705;64 613;
