Libellé;;Consommation mensuelle des ménages en biens - Biens - Volumes aux prix de l'année précédente, chaînés depuis 2010 - Série CVS-CJO;Consommation mensuelle des ménages en biens - Produits fabriqués - Volumes aux prix de l'année précédente, chaînés depuis 2010 - Série CVS-CJO;Consommation mensuelle des ménages en biens - Biens durables - Volumes aux prix de l'année précédente, chaînés depuis 2010 - Série CVS-CJO;Consommation mensuelle des ménages en biens - Biens durables d'équipement personnel - Volumes aux prix de l'année précédente, chaînés depuis 2010 - Série CVS-CJO;Consommation mensuelle des ménages en biens - Textile-cuir - Volumes aux prix de l'année précédente, chaînés depuis 2010 - Série CVS-CJO;Consommation mensuelle des ménages en biens - Autres biens fabriqués - Volumes aux prix de l'année précédente, chaînés depuis 2010 - Série CVS-CJO;Consommation mensuelle des ménages en biens - Produits manufacturés - Volumes aux prix de l'année précédente, chaînés depuis 2010 - Série CVS-CJO;Consommation mensuelle des ménages en biens - Équipement du logement - Volumes aux prix de l'année précédente, chaînés depuis 2010 - Série CVS-CJO;Consommation mensuelle des ménages en biens - Automobiles - Volumes aux prix de l'année précédente, chaînés depuis 2010 - Série CVS-CJO;Consommation mensuelle des ménages en biens - Énergie, eau, traitement des déchets - Volumes aux prix de l'année précédente, chaînés depuis 2010 - Série CVS-CJO;Consommation mensuelle des ménages en biens - Produits pétroliers - Volumes aux prix de l'année précédente, chaînés depuis 2010 - Série CVS-CJO;Consommation mensuelle des ménages en biens - Énergie, eau, traitement des déchets, hors produits pétroliers - Volumes aux prix de l'année précédente, chaînés depuis 2010 - Série CVS-CJO;Consommation mensuelle des ménages en biens - Alimentaire - Volumes aux prix de l'année précédente, chaînés depuis 2010 - Série CVS-CJO
IdBank;;001690324;001690325;001690326;001690327;001690328;001690329;001690330;001690331;001690332;001690333;001690334;001690335;001690336
Année;Mois
2014;12;43,167;20,015;9,960;1,325;4,067;5,991;37,084;4,146;4,578;7,162;4,505;2,661;15,991
2014;11;42,525;19,995;10,006;1,323;4,009;5,985;36,628;4,185;4,590;6,702;4,137;2,573;15,879
2014;10;42,445;19,876;9,998;1,306;3,922;5,964;36,651;4,115;4,659;6,713;4,172;2,547;15,900
2014;9;42,606;19,673;9,962;1,314;3,801;5,923;36,554;4,074;4,649;7,026;4,373;2,660;15,906
2014;8;42,892;20,006;9,928;1,291;4,108;5,970;36,779;4,101;4,618;7,068;4,409;2,664;15,830
2014;7;42,482;19,833;9,873;1,301;4,033;5,929;36,378;4,046;4,603;6,974;4,313;2,668;15,692
2014;6;42,799;19,849;9,859;1,286;4,049;5,942;36,711;3,952;4,682;7,035;4,387;2,655;15,921
2014;5;42,424;19,676;9,794;1,287;3,950;5,935;36,251;4,005;4,577;7,023;4,325;2,706;15,728
2014;4;42,423;19,781;9,903;1,295;3,923;5,962;36,510;3,908;4,750;6,763;4,211;2,558;15,912
2014;3;42,431;19,800;9,818;1,285;3,997;5,988;36,486;3,875;4,708;6,916;4,332;2,589;15,735
2014;2;42,222;19,842;9,786;1,299;4,080;5,976;36,246;3,840;4,693;6,743;4,138;2,614;15,679
2014;1;42,347;19,821;9,657;1,293;4,166;5,992;36,367;3,866;4,557;6,804;4,210;2,601;15,755
2013;12;42,953;19,940;9,949;1,286;4,027;5,967;36,762;3,884;4,821;7,163;4,451;2,716;15,844
2013;11;43,047;19,773;9,696;1,281;4,113;5,961;36,531;3,798;4,660;7,401;4,509;2,907;15,835
2013;10;42,469;19,666;9,688;1,287;4,017;5,960;36,460;3,800;4,645;6,904;4,279;2,630;15,908
2013;9;42,505;19,675;9,619;1,275;4,090;5,963;36,253;3,764;4,621;7,148;4,417;2,738;15,668
2013;8;42,396;19,468;9,529;1,273;3,985;5,953;36,184;3,739;4,560;7,180;4,464;2,719;15,722
2013;7;42,648;19,511;9,555;1,279;3,997;5,957;36,381;3,701;4,612;7,321;4,569;2,754;15,777
2013;6;42,349;19,455;9,531;1,266;3,974;5,950;36,031;3,702;4,601;7,212;4,444;2,776;15,652
2013;5;42,972;19,387;9,586;1,283;3,840;5,964;36,448;3,704;4,635;7,679;4,767;2,917;15,824
2013;4;42,620;19,377;9,485;1,276;3,948;5,943;36,002;3,701;4,548;7,679;4,706;2,985;15,482
2013;3;42,868;19,228;9,461;1,271;3,872;5,896;36,191;3,683;4,546;7,593;4,594;3,018;15,967
2013;2;42,573;19,400;9,494;1,268;4,011;5,893;36,040;3,632;4,625;7,402;4,475;2,945;15,719
2013;1;42,635;19,617;9,547;1,269;4,155;5,910;36,256;3,653;4,656;7,255;4,421;2,848;15,734
2012;12;42,267;19,606;9,634;1,263;4,044;5,928;36,137;3,659;4,736;7,065;4,373;2,698;15,583
2012;11;42,550;19,501;9,585;1,277;4,009;5,906;36,207;3,639;4,692;7,398;4,564;2,842;15,610
2012;10;42,697;19,706;9,650;1,293;4,127;5,929;36,452;3,624;4,753;7,279;4,503;2,783;15,685
2012;9;42,632;19,694;9,639;1,275;4,129;5,924;36,398;3,620;4,765;7,160;4,408;2,760;15,761
2012;8;42,594;19,607;9,691;1,283;4,023;5,892;36,374;3,584;4,840;7,129;4,378;2,760;15,841
2012;7;42,953;19,812;9,820;1,291;4,050;5,943;36,744;3,669;4,879;7,316;4,568;2,751;15,798
2012;6;42,827;19,692;9,882;1,305;3,889;5,922;36,617;3,682;4,914;7,276;4,538;2,742;15,833
2012;5;42,738;19,813;9,832;1,279;4,086;5,894;36,557;3,612;4,956;7,228;4,488;2,744;15,678
2012;4;42,694;19,426;9,794;1,304;3,783;5,850;36,128;3,633;4,874;7,512;4,605;2,917;15,704
2012;3;42,627;20,133;10,017;1,296;4,229;5,887;36,775;3,603;5,127;6,816;4,285;2,532;15,697
2012;2;43,926;19,879;9,906;1,272;4,063;5,910;37,042;3,647;5,003;7,973;4,848;3,140;15,998
2012;1;42,902;20,045;10,002;1,307;4,179;5,864;36,799;3,589;5,114;7,069;4,441;2,629;15,786
2011;12;42,467;19,976;10,023;1,304;4,087;5,865;36,500;3,573;5,146;6,867;4,324;2,544;15,625
2011;11;42,871;20,123;10,172;1,316;4,083;5,867;36,888;3,547;5,309;6,951;4,395;2,557;15,796
2011;10;42,948;20,085;10,025;1,315;4,145;5,915;36,902;3,571;5,139;7,112;4,481;2,632;15,751
2011;9;43,017;19,997;10,079;1,324;4,042;5,876;36,947;3,519;5,236;7,139;4,472;2,667;15,881
2011;8;43,154;20,020;10,023;1,332;4,117;5,879;37,048;3,538;5,153;7,351;4,670;2,681;15,783
2011;7;42,859;19,922;9,954;1,328;4,091;5,877;36,742;3,542;5,084;7,164;4,487;2,677;15,773
2011;6;42,939;20,060;9,923;1,330;4,241;5,896;36,827;3,513;5,079;7,131;4,438;2,693;15,748
2011;5;42,691;19,994;9,960;1,340;4,163;5,871;36,675;3,509;5,111;6,926;4,316;2,610;15,770
2011;4;42,696;20,089;9,901;1,305;4,300;5,888;36,938;3,447;5,150;6,752;4,288;2,464;15,855
2011;3;43,713;20,737;10,666;1,314;4,227;5,844;37,635;3,594;5,758;7,171;4,516;2,655;15,804
2011;2;44,131;20,967;10,773;1,320;4,347;5,847;38,038;3,586;5,867;7,297;4,639;2,658;15,867
2011;1;43,853;20,646;10,585;1,318;4,184;5,877;37,587;3,488;5,780;7,445;4,690;2,755;15,762
2010;12;43,968;20,300;10,232;1,299;4,247;5,821;37,322;3,355;5,584;7,806;4,817;2,986;15,868
2010;11;43,725;20,421;10,318;1,306;4,272;5,830;37,330;3,454;5,560;7,519;4,677;2,842;15,772
2010;10;43,141;19,847;9,887;1,301;4,155;5,806;36,702;3,437;5,143;7,526;4,660;2,864;15,767
2010;9;43,212;20,016;9,983;1,306;4,232;5,801;36,864;3,442;5,230;7,504;4,716;2,792;15,687
2010;8;42,886;19,798;9,779;1,314;4,235;5,786;36,544;3,447;5,009;7,445;4,665;2,782;15,639
2010;7;43,416;20,153;9,875;1,331;4,517;5,764;37,099;3,395;5,145;7,460;4,672;2,791;15,792
2010;6;42,570;19,566;9,861;1,296;3,913;5,791;36,250;3,383;5,180;7,361;4,590;2,772;15,639
2010;5;43,320;20,036;10,094;1,342;4,168;5,773;36,816;3,562;5,182;7,645;4,732;2,911;15,640
2010;4;42,791;19,706;9,732;1,306;4,198;5,778;36,466;3,314;5,111;7,521;4,705;2,819;15,566
2010;3;43,103;19,969;10,114;1,326;4,222;5,633;36,693;3,328;5,466;7,549;4,675;2,872;15,583
2010;2;42,767;19,578;9,910;1,310;4,053;5,614;36,291;3,276;5,330;7,781;4,873;2,910;15,426
2010;1;43,139;20,005;10,122;1,326;4,294;5,588;36,557;3,295;5,510;7,618;4,660;2,952;15,518
2009;12;43,367;20,236;10,389;1,326;4,220;5,618;37,015;3,281;5,805;7,626;4,844;2,783;15,499
2009;11;42,557;20,018;10,302;1,309;4,133;5,573;36,450;3,291;5,720;7,168;4,536;2,636;15,372
2009;10;42,612;19,859;10,027;1,309;4,234;5,597;36,378;3,293;5,428;7,294;4,573;2,730;15,461
2009;9;42,477;19,736;9,997;1,309;4,165;5,571;36,246;3,258;5,438;7,296;4,568;2,738;15,448
2009;8;41,889;19,208;9,776;1,291;3,895;5,533;35,628;3,233;5,252;7,224;4,481;2,757;15,466
2009;7;42,148;19,477;9,813;1,310;4,104;5,560;35,936;3,210;5,298;7,389;4,659;2,735;15,283
2009;6;42,811;19,843;9,931;1,344;4,370;5,545;36,619;3,190;5,411;7,495;4,775;2,721;15,472
2009;5;42,503;19,732;10,011;1,283;4,160;5,558;36,354;3,149;5,603;7,483;4,762;2,721;15,285
2009;4;42,354;19,414;9,757;1,312;4,148;5,510;36,161;3,161;5,295;7,522;4,768;2,757;15,420
2009;3;41,959;19,394;9,665;1,278;4,207;5,527;35,844;3,136;5,260;7,473;4,775;2,697;15,088
2009;2;42,057;19,215;9,626;1,289;4,080;5,512;35,782;3,149;5,193;7,540;4,745;2,803;15,302
2009;1;42,818;19,557;9,638;1,275;4,381;5,548;36,395;3,170;5,196;7,880;5,017;2,864;15,374
2008;12;42,115;19,178;9,385;1,283;4,228;5,578;35,869;3,117;4,970;7,647;4,843;2,802;15,314
2008;11;42,152;19,340;9,464;1,297;4,298;5,591;35,925;3,152;4,996;7,517;4,726;2,789;15,306
2008;10;42,103;19,346;9,430;1,286;4,327;5,604;35,917;3,065;5,081;7,526;4,766;2,758;15,241
2008;9;42,552;19,625;9,556;1,287;4,424;5,661;36,353;3,091;5,184;7,592;4,854;2,736;15,339
2008;8;42,501;19,715;9,730;1,293;4,341;5,651;36,401;3,105;5,348;7,504;4,818;2,685;15,276
2008;7;42,361;19,793;9,741;1,296;4,384;5,678;36,331;3,066;5,406;7,373;4,698;2,674;15,177
2008;6;42,240;19,693;9,669;1,292;4,340;5,695;36,180;3,082;5,312;7,361;4,690;2,669;15,173
2008;5;42,685;20,014;9,868;1,285;4,464;5,691;36,681;3,073;5,546;7,464;4,828;2,635;15,185
2008;4;42,660;19,651;9,822;1,307;4,165;5,664;36,190;3,134;5,399;7,874;4,991;2,880;15,144
2008;3;42,465;19,757;9,819;1,297;4,268;5,674;36,327;3,062;5,495;7,459;4,771;2,686;15,239
2008;2;42,947;20,095;9,864;1,302;4,520;5,722;36,937;3,045;5,559;7,349;4,761;2,587;15,481
2008;1;42,158;19,693;9,664;1,288;4,384;5,656;36,304;3,016;5,393;7,250;4,743;2,506;15,197
2007;12;43,094;20,252;10,192;1,316;4,406;5,642;36,993;3,044;5,910;7,525;4,864;2,659;15,286
2007;11;42,838;19,840;9,836;1,300;4,385;5,622;36,614;2,988;5,602;7,748;5,011;2,735;15,253
2007;10;43,047;19,826;9,735;1,309;4,423;5,678;36,852;2,917;5,576;7,755;5,048;2,706;15,480
2007;9;42,636;19,788;9,788;1,310;4,409;5,595;36,498;3,024;5,488;7,542;4,869;2,672;15,300
2007;8;43,040;20,080;9,918;1,319;4,574;5,593;36,933;3,046;5,594;7,559;4,907;2,651;15,385
2007;7;42,824;19,914;9,809;1,305;4,504;5,609;36,712;2,978;5,581;7,499;4,858;2,640;15,401
2007;6;42,681;19,778;9,736;1,337;4,441;5,610;36,587;2,974;5,469;7,487;4,855;2,630;15,413
2007;5;42,310;19,598;9,729;1,300;4,254;5,617;36,249;2,945;5,540;7,370;4,744;2,624;15,338
2007;4;42,001;19,569;9,460;1,277;4,577;5,555;36,253;2,854;5,387;7,048;4,585;2,462;15,363
2007;3;42,288;19,629;9,516;1,285;4,466;5,668;36,305;2,903;5,374;7,347;4,833;2,513;15,304
2007;2;41,775;19,441;9,406;1,270;4,467;5,591;35,962;2,837;5,358;7,105;4,675;2,429;15,213
2007;1;41,685;19,398;9,417;1,236;4,405;5,597;35,882;2,766;5,503;7,211;4,784;2,426;15,063
2006;12;41,705;19,219;9,294;1,252;4,400;5,546;35,734;2,730;5,388;7,330;4,785;2,544;15,146
2006;11;41,655;19,136;9,238;1,230;4,391;5,532;35,773;2,709;5,378;7,221;4,737;2,484;15,288
2006;10;41,325;19,025;9,253;1,240;4,267;5,523;35,607;2,676;5,434;7,123;4,691;2,434;15,159
2006;9;41,266;18,585;9,033;1,212;4,113;5,457;35,237;2,623;5,287;7,587;4,965;2,621;15,156
2006;8;41,610;19,014;9,006;1,209;4,549;5,501;35,541;2,628;5,252;7,523;4,897;2,623;15,095
2006;7;41,395;18,539;8,784;1,184;4,333;5,463;35,305;2,509;5,198;7,640;4,996;2,643;15,293
2006;6;41,629;18,897;9,186;1,177;4,244;5,485;35,540;2,596;5,543;7,634;5,014;2,620;15,141
2006;5;41,422;18,860;9,096;1,183;4,337;5,451;35,357;2,636;5,372;7,509;4,888;2,619;15,084
2006;4;41,347;18,600;8,910;1,165;4,303;5,418;35,209;2,506;5,369;7,700;5,070;2,632;15,117
2006;3;41,145;18,468;8,853;1,152;4,263;5,382;34,945;2,525;5,289;7,738;5,049;2,687;15,019
2006;2;41,350;18,570;8,855;1,150;4,390;5,360;35,124;2,481;5,359;7,785;5,051;2,730;15,074
2006;1;41,183;18,368;8,747;1,142;4,274;5,383;34,947;2,431;5,317;7,751;5,043;2,705;15,158
2005;12;40,908;18,284;8,804;1,154;4,201;5,301;34,728;2,423;5,373;7,688;4,999;2,679;15,026
2005;11;41,229;18,408;8,825;1,140;4,300;5,311;35,079;2,352;5,528;7,736;5,111;2,627;15,177
2005;10;40,079;18,026;8,523;1,116;4,245;5,301;34,312;2,344;5,206;7,089;4,669;2,420;14,978
2005;9;40,578;18,167;8,682;1,126;4,262;5,254;34,559;2,327;5,413;7,495;4,923;2,570;14,984
2005;8;40,693;18,033;8,535;1,116;4,276;5,264;34,664;2,299;5,293;7,759;5,216;2,560;15,025
2005;7;40,185;17,889;8,476;1,096;4,191;5,263;34,215;2,275;5,282;7,433;4,875;2,554;14,944
2005;6;40,256;17,944;8,485;1,115;4,250;5,252;34,296;2,249;5,316;7,511;4,954;2,557;14,889
2005;5;40,227;17,823;8,435;1,114;4,187;5,243;34,273;2,260;5,239;7,567;5,018;2,555;14,947
2005;4;40,382;18,018;8,586;1,098;4,222;5,244;34,402;2,306;5,364;7,533;4,941;2,588;14,916
2005;3;40,300;17,808;8,346;1,059;4,319;5,196;34,374;2,203;5,285;7,646;5,079;2,574;14,971
2005;2;40,340;17,766;8,319;1,076;4,276;5,225;34,200;2,207;5,226;7,823;5,122;2,696;14,907
2005;1;40,298;17,882;8,453;1,122;4,204;5,268;34,350;2,209;5,335;7,528;5,004;2,532;14,987
2004;12;40,234;17,714;8,305;1,079;4,256;5,202;34,255;2,182;5,236;7,654;5,107;2,556;14,996
2004;11;40,260;17,820;8,444;1,067;4,248;5,163;34,237;2,171;5,442;7,675;5,068;2,606;14,883
2004;10;39,841;17,580;8,209;1,057;4,264;5,161;33,927;2,118;5,255;7,538;5,022;2,524;14,840
2004;9;39,618;17,359;8,098;1,057;4,141;5,174;33,640;2,063;5,215;7,624;5,099;2,537;14,790
2004;8;39,276;17,046;7,821;1,038;4,184;5,115;33,248;2,025;4,959;7,603;5,083;2,531;14,814
2004;7;39,509;17,246;8,030;1,056;4,167;5,107;33,548;2,057;5,142;7,611;5,098;2,526;14,817
2004;6;39,724;17,448;8,097;1,114;4,292;5,119;33,830;2,041;5,188;7,547;5,079;2,486;14,863
2004;5;39,337;17,146;7,854;1,031;4,242;5,127;33,363;1,994;5,062;7,658;5,121;2,548;14,716
2004;4;39,488;17,118;7,833;1,052;4,196;5,166;33,525;1,975;5,047;7,774;5,232;2,560;14,808
2004;3;39,214;16,889;7,751;1,029;4,110;5,101;33,208;1,942;5,029;7,808;5,250;2,576;14,757
2004;2;39,205;16,953;7,815;1,045;4,052;5,154;33,270;1,938;5,098;7,733;5,209;2,544;14,738
2004;1;39,258;17,189;7,763;1,058;4,399;5,120;33,369;1,952;4,994;7,577;5,038;2,545;14,651
2003;12;39,001;16,862;7,653;1,019;4,134;5,162;33,166;1,873;5,031;7,613;5,136;2,497;14,723
2003;11;38,529;16,721;7,630;1,046;4,042;5,129;32,806;1,886;4,945;7,452;5,028;2,443;14,527
2003;10;39,675;17,001;7,660;1,020;4,318;5,117;33,528;1,847;5,089;8,091;5,413;2,690;14,866
2003;9;39,369;16,940;7,744;1,038;4,184;5,087;33,693;1,840;5,190;7,660;5,223;2,468;14,982
2003;8;38,746;16,480;7,545;0,997;4,011;4,996;33,121;1,781;5,095;7,456;5,086;2,400;15,049
2003;7;38,829;16,664;7,551;1,034;4,193;5,004;33,163;1,773;5,078;7,558;5,155;2,434;14,827
2003;6;38,581;16,434;7,386;1,000;4,141;5,003;32,986;1,707;5,031;7,517;5,172;2,384;14,875
2003;5;38,426;16,295;7,246;0,993;4,141;5,017;32,723;1,721;4,833;7,517;5,082;2,457;14,878
2003;4;38,390;16,495;7,398;0,992;4,203;4,991;32,823;1,719;5,034;7,336;5,023;2,347;14,752
2003;3;38,305;16,550;7,383;0,990;4,249;5,023;32,853;1,676;5,101;7,211;4,992;2,263;14,702
2003;2;38,495;16,182;7,313;0,989;4,033;4,923;32,580;1,675;5,014;7,935;5,325;2,625;14,730
2003;1;38,755;16,441;7,367;0,982;4,239;4,932;32,843;1,691;5,059;7,828;5,233;2,607;14,786
2002;12;38,332;16,347;7,364;0,997;4,118;4,957;32,761;1,667;5,076;7,125;4,832;2,319;15,055
2002;11;38,471;16,237;7,347;0,989;4,045;4,930;32,894;1,649;5,103;7,494;5,179;2,357;15,015
2002;10;38,510;16,229;7,316;1,003;4,073;4,930;32,841;1,649;5,046;7,457;5,080;2,407;15,101
2002;9;38,259;16,154;7,238;0,979;4,124;4,891;32,607;1,627;5,016;7,407;5,048;2,389;14,964
2002;8;38,291;16,253;7,247;0,985;4,205;4,907;32,631;1,620;5,035;7,373;5,013;2,388;14,906
2002;7;38,302;16,173;7,322;0,979;4,019;4,917;32,700;1,611;5,159;7,531;5,249;2,332;14,878
2002;6;38,017;16,078;7,256;0,974;4,030;4,879;32,401;1,591;5,121;7,382;5,060;2,357;14,819
2002;5;38,132;16,046;7,366;0,987;3,886;4,857;32,485;1,612;5,206;7,494;5,142;2,388;14,885
2002;4;37,757;15,977;7,252;0,973;4,009;4,793;32,219;1,541;5,223;7,409;5,046;2,392;14,637
2002;3;38,018;16,083;7,268;0,995;4,036;4,864;32,631;1,551;5,197;7,164;5,032;2,187;15,007
2002;2;37,731;15,925;7,175;0,990;4,043;4,795;32,277;1,527;5,130;7,257;4,940;2,345;14,809
2002;1;37,406;15,683;7,163;0,971;3,788;4,803;31,880;1,492;5,210;7,460;5,124;2,374;14,574
2001;12;38,269;15,927;7,206;1,002;3,987;4,814;32,481;1,525;5,158;7,695;5,308;2,430;14,999
2001;11;37,750;15,792;7,057;0,974;4,005;4,832;32,040;1,492;5,063;7,609;5,230;2,418;14,673
2001;10;37,106;15,560;7,124;0,981;3,732;4,768;31,781;1,506;5,113;7,049;4,892;2,200;14,781
2001;9;38,099;15,945;7,143;0,985;4,103;4,794;32,346;1,485;5,183;7,797;5,418;2,428;14,686
2001;8;37,710;15,637;7,060;0,986;3,862;4,801;32,073;1,452;5,144;7,622;5,332;2,344;14,818
2001;7;37,520;15,570;7,012;0,971;3,868;4,780;31,923;1,440;5,124;7,475;5,174;2,345;14,831
2001;6;37,706;15,749;7,137;0,970;3,879;4,813;32,095;1,449;5,273;7,470;5,168;2,346;14,811
2001;5;37,632;15,720;7,083;0,970;3,947;4,778;32,033;1,417;5,271;7,545;5,238;2,354;14,694
2001;4;37,449;15,545;6,962;0,977;3,871;4,811;31,794;1,462;4,999;7,464;5,161;2,346;14,794
2001;3;37,337;15,558;6,954;0,963;3,888;4,820;31,799;1,472;4,983;7,374;5,143;2,280;14,735
2001;2;37,361;15,622;6,968;0,959;3,967;4,792;31,844;1,432;5,096;7,232;5,026;2,251;14,814
2001;1;37,332;15,448;6,810;0,973;3,949;4,815;31,832;1,397;4,945;7,378;5,191;2,243;14,871
2000;12;36,974;15,517;6,898;0,967;3,920;4,808;31,667;1,444;4,962;6,937;4,914;2,095;14,765
2000;11;36,855;15,276;6,671;0,975;3,976;4,768;31,387;1,411;4,717;7,152;4,936;2,254;14,766
2000;10;37,128;15,315;6,654;0,965;4,036;4,771;31,587;1,403;4,727;7,490;5,250;2,302;14,726
2000;9;36,669;15,209;6,763;0,968;3,800;4,755;31,160;1,392;4,898;6,846;4,536;2,293;14,915
2000;8;36,916;15,185;6,647;0,946;3,908;4,766;31,379;1,377;4,797;7,336;5,071;2,306;14,796
2000;7;36,888;15,207;6,663;0,941;3,929;4,748;31,354;1,394;4,787;7,228;4,976;2,287;14,830
2000;6;36,843;15,245;6,717;0,929;3,944;4,704;31,342;1,379;4,910;7,231;4,995;2,276;14,724
2000;5;36,814;15,226;6,665;0,953;3,965;4,730;31,377;1,375;4,820;7,156;4,972;2,232;14,783
2000;4;36,928;15,306;6,831;0,952;3,885;4,689;31,400;1,374;5,052;7,309;5,067;2,287;14,669
2000;3;36,549;15,062;6,634;0,929;3,875;4,674;31,048;1,343;4,883;7,214;5,014;2,248;14,654
2000;2;36,895;15,278;6,651;0,922;4,071;4,695;31,430;1,363;4,867;7,239;5,048;2,244;14,732
2000;1;36,322;14,851;6,522;0,914;3,813;4,643;30,806;1,309;4,825;7,460;5,240;2,285;14,467
1999;12;36,492;14,957;6,573;0,921;3,898;4,603;31,012;1,345;4,788;7,346;5,176;2,239;14,611
1999;11;36,440;14,778;6,462;0,894;3,842;4,605;30,896;1,289;4,805;7,474;5,232;2,302;14,685
1999;10;36,133;14,754;6,518;0,898;3,782;4,562;30,672;1,270;4,929;7,371;5,183;2,254;14,459
1999;9;35,768;14,553;6,490;0,896;3,594;4,562;30,326;1,251;4,941;7,191;4,966;2,261;14,476
1999;8;36,036;14,770;6,583;0,883;3,754;4,524;30,571;1,232;5,137;7,247;5,043;2,252;14,434
1999;7;36,176;14,780;6,497;0,896;3,873;4,524;30,724;1,207;5,064;7,339;5,126;2,268;14,499
1999;6;35,157;14,063;5,955;0,892;3,795;4,500;29,752;1,183;4,365;7,324;5,124;2,258;14,335
1999;5;35,222;14,260;6,087;0,886;3,821;4,525;29,923;1,177;4,573;7,143;5,022;2,184;14,299
1999;4;35,125;14,126;6,070;0,860;3,750;4,466;29,796;1,165;4,610;7,251;5,104;2,214;14,277
1999;3;35,033;14,076;5,962;0,873;3,814;4,485;29,723;1,145;4,494;7,281;5,166;2,195;14,214
1999;2;34,900;13,875;5,931;0,851;3,631;4,485;29,436;1,131;4,510;7,532;5,280;2,315;14,117
1999;1;34,753;14,048;5,926;0,863;3,869;4,443;29,558;1,086;4,604;7,050;5,012;2,119;14,136
1998;12;34,931;13,866;5,937;0,862;3,678;4,410;29,564;1,119;4,534;7,329;5,176;2,226;14,343
1998;11;35,106;13,901;5,910;0,846;3,744;4,419;29,611;1,109;4,543;7,557;5,347;2,289;14,287
1998;10;34,664;13,777;5,761;0,843;3,721;4,505;29,282;1,088;4,386;7,253;5,080;2,232;14,227
1998;9;34,870;14,081;6,075;0,837;3,715;4,434;29,564;1,078;4,879;7,127;4,982;2,200;14,153
1998;8;34,573;13,713;5,707;0,839;3,802;4,416;29,275;1,064;4,379;7,174;5,033;2,203;14,283
1998;7;34,294;13,556;5,611;0,837;3,761;4,407;29,040;1,035;4,321;7,249;5,141;2,187;14,112
1998;6;34,206;13,488;5,643;0,911;3,663;4,386;28,978;1,061;4,211;7,278;5,193;2,173;14,079
1998;5;34,281;13,514;5,569;0,797;3,817;4,354;29,076;1,025;4,333;7,210;5,186;2,124;14,192
1998;4;34,043;13,306;5,454;0,825;3,706;4,386;28,669;1,009;4,181;7,300;5,094;2,260;14,125
1998;3;33,454;13,180;5,407;0,818;3,634;4,377;28,284;0,989;4,174;7,001;4,958;2,117;13,893
1998;2;33,467;13,111;5,327;0,817;3,674;4,364;28,296;0,972;4,105;7,042;5,009;2,113;13,968
1998;1;33,597;13,165;5,325;0,810;3,781;4,316;28,424;0,983;4,080;7,028;5,015;2,098;14,056
1997;12;33,528;13,142;5,347;0,802;3,716;4,323;28,375;0,973;4,150;6,997;4,967;2,107;14,025
1997;11;32,874;13,005;5,230;0,805;3,720;4,320;27,811;0,977;3,963;6,484;4,415;2,080;13,921
1997;10;33,833;13,080;5,240;0,810;3,767;4,347;28,666;0,941;4,073;7,326;5,343;2,110;14,175
1997;9;32,934;12,654;5,226;0,801;3,378;4,265;27,842;0,931;4,092;6,975;4,961;2,094;14,055
1997;8;32,905;12,573;5,005;0,793;3,590;4,258;27,741;0,923;3,803;7,126;5,061;2,144;14,001
1997;7;32,935;12,757;5,077;0,788;3,704;4,256;27,765;0,915;3,934;7,094;5,043;2,132;13,798
1997;6;32,665;12,539;4,949;0,790;3,632;4,253;27,516;0,907;3,767;6,957;4,935;2,098;13,921
1997;5;32,399;12,371;4,874;0,777;3,598;4,193;27,225;0,886;3,734;6,908;4,841;2,123;13,896
1997;4;32,579;12,507;4,912;0,761;3,679;4,217;27,501;0,877;3,832;6,926;4,959;2,057;13,894
1997;3;32,559;12,615;4,904;0,780;3,798;4,232;27,643;0,864;3,837;6,654;4,821;1,938;13,962
1997;2;32,391;12,473;4,926;0,775;3,626;4,212;27,327;0,860;3,886;6,851;4,850;2,073;13,790
1997;1;32,576;12,182;4,673;0,757;3,669;4,177;27,201;0,858;3,540;7,497;5,256;2,302;13,844
1996;12;32,603;12,348;4,815;0,771;3,643;4,208;27,359;0,860;3,720;7,134;5,025;2,174;13,972
1996;11;32,314;12,119;4,678;0,765;3,586;4,190;27,109;0,846;3,567;7,082;5,022;2,136;14,014
1996;10;32,909;12,686;5,186;0,762;3,568;4,156;27,785;0,840;4,337;6,956;4,958;2,081;13,993
1996;9;34,798;14,091;6,294;0,768;3,649;4,158;29,513;0,841;5,962;7,185;5,120;2,150;13,951
1996;8;33,577;13,189;5,463;0,778;3,726;4,196;28,369;0,870;4,639;7,097;5,092;2,102;13,916
1996;7;32,622;12,492;5,031;0,771;3,536;4,181;27,435;0,841;4,097;7,055;5,017;2,118;13,853
1996;6;33,314;13,030;5,341;0,807;3,713;4,194;28,126;0,839;4,517;6,984;4,946;2,111;13,939
1996;5;32,813;12,470;5,044;0,758;3,504;4,169;27,545;0,839;4,134;7,285;5,186;2,184;13,907
1996;4;32,569;12,462;4,900;0,754;3,686;4,177;27,508;0,812;4,007;6,961;4,981;2,070;13,916
1996;3;32,905;12,577;5,049;0,779;3,597;4,193;27,711;0,842;4,109;7,213;5,145;2,156;13,922
1996;2;33,395;12,731;5,197;0,773;3,610;4,149;27,958;0,839;4,343;7,488;5,238;2,306;14,030
1996;1;33,035;12,812;5,296;0,769;3,529;4,192;27,964;0,831;4,518;6,941;5,014;2,033;13,968
1995;12;32,498;12,200;4,758;0,754;3,578;4,182;27,336;0,821;3,767;7,298;5,307;2,115;13,927
1995;11;32,702;12,497;4,843;0,774;3,767;4,218;27,608;0,831;3,839;6,967;4,996;2,065;14,015
1995;10;31,626;11,992;4,757;0,770;3,361;4,160;26,849;0,829;3,722;6,468;4,687;1,885;13,931
1995;9;32,380;12,255;4,690;0,761;3,723;4,194;27,258;0,825;3,642;6,978;4,968;2,092;13,985
1995;8;32,165;12,210;4,714;0,764;3,674;4,156;27,090;0,803;3,744;6,878;4,874;2,077;13,885
1995;7;32,378;12,177;4,696;0,765;3,631;4,188;27,290;0,808;3,700;7,057;5,083;2,077;14,030
1995;6;34,454;13,819;6,051;0,765;3,644;4,183;29,309;0,797;5,760;7,128;5,140;2,093;13,983
1995;5;32,576;12,436;4,853;0,755;3,716;4,182;27,481;0,800;3,971;6,990;4,998;2,081;13,938
1995;4;32,513;12,333;4,834;0,759;3,634;4,170;27,371;0,789;3,971;7,102;5,079;2,114;13,919
1995;3;32,285;12,193;4,763;0,752;3,571;4,173;27,170;0,797;3,848;7,117;5,134;2,089;13,844
1995;2;32,211;12,436;4,879;0,748;3,679;4,183;27,375;0,793;4,039;6,547;4,779;1,885;13,893
1995;1;32,448;12,368;4,831;0,754;3,675;4,174;27,343;0,772;4,022;7,022;5,036;2,081;13,860
1994;12;32,141;12,435;4,925;0,740;3,679;4,112;27,223;0,778;4,162;6,697;4,861;1,947;13,675
1994;11;32,109;12,420;4,943;0,745;3,601;4,150;27,327;0,775;4,194;6,512;4,788;1,852;13,820
1994;10;32,261;12,338;4,859;0,743;3,635;4,138;27,308;0,766;4,094;6,893;5,002;2,004;13,796
1994;9;32,612;12,490;4,835;0,752;3,863;4,115;27,535;0,769;4,037;7,064;5,091;2,077;13,836
1994;8;32,429;12,406;4,877;0,749;3,717;4,106;27,412;0,765;4,117;6,933;5,017;2,026;13,858
1994;7;31,979;12,118;4,680;0,736;3,647;4,121;26,974;0,731;3,942;6,873;4,932;2,035;13,809
1994;6;32,177;12,265;4,774;0,734;3,688;4,118;27,169;0,758;4,002;6,965;5,049;2,028;13,744
1994;5;32,105;12,252;4,816;0,742;3,630;4,100;27,133;0,744;4,100;6,841;4,953;1,997;13,786
1994;4;32,555;12,364;4,902;0,738;3,623;4,117;27,306;0,733;4,266;7,287;5,191;2,183;13,766
1994;3;31,942;12,305;4,703;0,740;3,827;4,124;27,180;0,722;3,999;6,525;4,849;1,822;13,785
1994;2;31,857;12,154;4,608;0,753;3,749;4,164;26,909;0,724;3,837;6,851;4,981;1,985;13,629
1994;1;31,708;12,055;4,512;0,750;3,771;4,162;26,782;0,737;3,654;6,829;4,984;1,967;13,621
1993;12;31,691;11,972;4,485;0,745;3,739;4,133;26,799;0,727;3,650;6,700;4,855;1,954;13,836
1993;11;32,414;12,011;4,464;0,708;3,804;4,143;27,116;0,705;3,731;7,596;5,493;2,222;13,869
1993;10;32,269;12,202;4,584;0,743;3,860;4,138;27,153;0,720;3,825;7,125;5,141;2,091;13,811
1993;9;31,910;12,133;4,520;0,737;3,878;4,129;26,933;0,715;3,752;6,840;4,941;2,004;13,731
1993;8;31,793;12,029;4,476;0,733;3,819;4,130;26,828;0,710;3,705;6,829;4,967;1,978;13,760
1993;7;31,969;12,138;4,588;0,763;3,791;4,129;27,064;0,728;3,783;6,873;5,082;1,936;13,766
1993;6;32,190;12,160;4,545;0,816;3,870;4,134;27,280;0,716;3,689;7,097;5,315;1,954;13,804
1993;5;31,673;11,970;4,403;0,702;3,854;4,130;26,803;0,706;3,642;6,842;5,021;1,953;13,694
1993;4;31,916;12,137;4,476;0,746;3,880;4,201;27,085;0,714;3,675;6,831;5,061;1,917;13,740
1993;3;31,772;11,977;4,428;0,720;3,858;4,097;26,843;0,708;3,651;7,060;5,185;2,012;13,615
1993;2;31,659;11,974;4,438;0,739;3,820;4,118;26,702;0,707;3,648;7,083;5,206;2,016;13,466
1993;1;31,378;11,779;4,268;0,738;3,862;4,088;26,600;0,706;3,390;6,779;5,058;1,879;13,688
1992;12;32,837;12,855;5,181;0,728;3,770;4,140;27,943;0,709;4,804;6,851;5,075;1,922;13,733
1992;11;31,860;12,159;4,660;0,730;3,751;4,087;26,975;0,704;4,006;6,845;5,051;1,935;13,627
1992;10;32,519;12,407;4,687;0,727;3,963;4,125;27,325;0,709;4,036;7,307;5,283;2,142;13,637
1992;9;32,204;12,348;4,682;0,730;3,893;4,136;27,292;0,703;4,046;6,914;5,104;1,953;13,691
1992;8;32,243;12,363;4,699;0,724;3,921;4,098;27,292;0,704;4,075;6,916;5,081;1,970;13,714
1992;7;32,142;12,359;4,703;0,740;3,904;4,105;27,222;0,704;4,063;6,918;5,108;1,953;13,597
1992;6;31,984;12,286;4,726;0,745;3,779;4,115;27,113;0,703;4,097;6,834;5,009;1,955;13,594
1992;5;32,056;12,379;4,691;0,735;3,931;4,120;27,197;0,695;4,079;6,821;5,005;1,947;13,550
1992;4;32,013;12,187;4,563;0,722;3,885;4,127;27,071;0,702;3,874;7,087;5,224;2,006;13,558
1992;3;31,783;12,194;4,611;0,714;3,823;4,129;26,933;0,697;3,976;6,918;5,104;1,955;13,419
1992;2;32,423;12,485;4,776;0,726;3,938;4,115;27,542;0,714;4,160;7,015;5,210;1,959;13,657
1992;1;32,326;12,370;4,710;0,709;3,885;4,130;27,321;0,698;4,133;7,162;5,246;2,052;13,588
1991;12;32,418;12,390;4,640;0,709;3,991;4,148;27,429;0,699;4,017;7,103;5,233;2,013;13,719
1991;11;32,068;12,314;4,634;0,686;3,898;4,163;27,214;0,700;4,036;7,007;5,212;1,950;13,501
1991;10;32,126;12,251;4,532;0,711;4,000;4,132;27,191;0,698;3,847;7,079;5,258;1,976;13,602
1991;9;31,998;12,287;4,739;0,714;3,711;4,168;27,188;0,700;4,165;6,736;5,029;1,862;13,695
1991;8;32,014;12,261;4,672;0,711;3,794;4,149;27,190;0,707;4,039;6,908;5,192;1,885;13,604
1991;7;32,486;12,637;4,771;0,710;4,066;4,175;27,626;0,710;4,187;6,941;5,214;1,895;13,566
1991;6;32,146;12,570;4,736;0,713;4,061;4,149;27,297;0,715;4,110;6,780;5,060;1,876;13,403
1991;5;32,401;12,362;4,712;0,699;3,880;4,120;27,306;0,723;4,061;7,289;5,397;2,047;13,580
1991;4;31,946;12,447;4,696;0,689;4,058;4,058;27,110;0,708;4,103;6,754;5,002;1,896;13,373
1991;3;32,102;12,689;4,759;0,687;4,207;4,104;27,446;0,721;4,159;6,303;4,705;1,743;13,585
1991;2;32,061;12,402;4,640;0,678;4,060;4,086;27,032;0,703;4,044;6,923;4,961;2,063;13,432
1991;1;31,897;12,185;4,708;0,684;3,707;4,092;27,069;0,696;4,170;6,915;5,236;1,859;13,572
1990;12;32,461;12,622;4,791;0,695;4,077;4,114;27,486;0,711;4,232;6,945;5,112;1,970;13,560
1990;11;31,944;12,474;4,744;0,675;3,984;4,100;27,131;0,716;4,165;6,562;4,844;1,852;13,498
1990;10;31,752;12,444;4,809;0,663;3,857;4,096;27,072;0,707;4,316;6,278;4,609;1,789;13,561
1990;9;31,975;12,573;4,841;0,659;3,997;4,058;27,233;0,698;4,405;6,509;4,847;1,807;13,429
1990;8;32,406;12,626;4,922;0,666;3,932;4,066;27,623;0,697;4,531;6,957;5,313;1,839;13,478
1990;7;32,087;12,499;4,779;0,645;4,000;4,058;27,293;0,681;4,387;6,670;5,001;1,829;13,538
1990;6;32,183;12,598;4,929;0,643;3,909;4,043;27,434;0,720;4,491;6,708;5,027;1,840;13,469
1990;5;32,105;12,771;4,935;0,651;4,095;4,053;27,499;0,700;4,558;6,409;4,854;1,723;13,368
1990;4;32,144;12,502;4,807;0,652;3,978;4,041;27,311;0,713;4,309;6,888;5,168;1,886;13,412
1990;3;32,130;12,729;4,897;0,656;4,134;4,017;27,535;0,685;4,545;6,436;4,918;1,699;13,439
1990;2;31,802;12,702;4,912;0,628;4,092;4,004;27,399;0,694;4,575;6,078;4,706;1,561;13,398
1990;1;31,758;12,412;4,871;0,624;3,834;3,979;27,110;0,694;4,513;6,623;5,041;1,763;13,318
1989;12;31,575;12,395;4,859;0,639;3,849;3,959;26,957;0,688;4,493;6,438;4,869;1,734;13,283
1989;11;31,981;12,550;4,844;0,648;4,063;3,950;27,318;0,696;4,431;6,544;4,967;1,751;13,440
1989;10;31,621;12,456;4,861;0,634;3,900;3,978;27,039;0,679;4,540;6,476;4,958;1,705;13,211
1989;9;31,504;12,288;4,819;0,632;3,789;3,950;26,877;0,678;4,478;6,572;5,009;1,745;13,248
1989;8;31,487;12,383;4,798;0,623;3,931;3,953;26,856;0,683;4,438;6,442;4,882;1,729;13,191
1989;7;31,167;12,086;4,683;0,605;3,779;3,920;26,521;0,668;4,332;6,483;4,867;1,770;13,232
1989;6;31,126;12,062;4,595;0,603;3,865;3,939;26,485;0,656;4,235;6,507;4,933;1,745;13,200
1989;5;31,072;12,069;4,532;0,595;4,003;3,899;26,474;0,640;4,203;6,390;4,850;1,710;13,224
1989;4;31,243;12,121;4,683;0,602;3,812;3,930;26,506;0,656;4,379;6,549;4,936;1,775;13,212
1989;3;31,291;12,211;4,595;0,606;4,100;3,875;26,836;0,655;4,233;6,326;4,954;1,591;13,323
1989;2;30,995;12,062;4,625;0,595;3,916;3,834;26,497;0,653;4,306;6,359;4,922;1,638;13,169
1989;1;31,056;12,138;4,636;0,590;3,959;3,866;26,481;0,652;4,332;6,398;4,892;1,688;13,092
1988;12;30,810;12,114;4,812;0,569;3,711;3,814;26,295;0,644;4,678;6,241;4,721;1,681;12,969
1988;11;30,959;11,846;4,545;0,563;3,802;3,805;26,312;0,645;4,251;6,747;5,198;1,753;13,123
1988;10;30,413;11,745;4,427;0,565;3,867;3,799;25,814;0,640;4,072;6,442;4,867;1,740;12,887
1988;9;30,607;11,750;4,443;0,570;3,870;3,777;25,998;0,663;4,005;6,540;4,964;1,750;13,028
1988;8;30,555;11,796;4,412;0,571;3,981;3,766;25,977;0,639;4,043;6,400;4,853;1,716;13,016
1988;7;30,218;11,633;4,431;0,567;3,785;3,736;25,667;0,640;4,075;6,340;4,817;1,693;12,914
1988;6;29,925;11,370;4,145;0,559;3,904;3,736;25,395;0,636;3,634;6,327;4,823;1,679;12,980
1988;5;30,027;11,521;4,316;0,563;3,841;3,718;25,488;0,628;3,939;6,302;4,793;1,679;12,891
1988;4;29,902;11,491;4,270;0,557;3,871;3,722;25,431;0,615;3,920;6,226;4,779;1,630;12,853
1988;3;30,110;11,420;4,302;0,552;3,764;3,693;25,502;0,625;3,942;6,535;4,986;1,731;12,944
1988;2;29,905;11,280;4,131;0,549;3,894;3,653;25,376;0,610;3,723;6,496;5,016;1,680;12,948
1988;1;29,664;11,467;4,293;0,551;3,857;3,670;25,322;0,619;3,951;5,988;4,629;1,546;12,809
1987;12;30,145;11,590;4,306;0,550;3,997;3,653;25,626;0,608;4,015;6,477;4,989;1,681;12,781
1987;11;30,071;11,613;4,287;0,540;4,081;3,625;25,573;0,612;3,983;6,391;4,923;1,659;12,734
1987;10;30,227;11,767;4,493;0,538;3,974;3,598;25,708;0,602;4,360;6,375;4,867;1,686;12,702
1987;9;29,130;10,970;4,084;0,542;3,619;3,620;24,666;0,604;3,677;6,268;4,779;1,662;12,696
1987;8;29,427;11,091;4,103;0,519;3,786;3,567;24,921;0,578;3,838;6,483;4,960;1,708;12,672
1987;7;29,908;11,357;4,161;0,540;4,028;3,559;25,356;0,588;3,865;6,638;5,139;1,705;12,705
1987;6;29,602;11,216;4,087;0,546;3,936;3,597;25,045;0,583;3,754;6,570;5,036;1,723;12,613
1987;5;29,462;11,041;4,103;0,546;3,761;3,530;24,804;0,582;3,785;6,609;4,965;1,806;12,676
1987;4;29,522;11,410;4,109;0,547;4,196;3,535;25,193;0,567;3,851;6,210;4,806;1,596;12,547
1987;3;29,136;10,994;4,047;0,531;3,822;3,497;24,536;0,563;3,785;6,619;5,016;1,777;12,345
1987;2;28,991;11,047;4,054;0,542;3,868;3,504;24,499;0,567;3,765;6,382;4,824;1,722;12,305
1987;1;29,135;10,710;3,738;0,501;3,985;3,465;24,281;0,533;3,431;6,838;5,014;1,957;12,580
1986;12;29,335;11,175;3,982;0,530;4,155;3,485;24,898;0,556;3,711;6,502;5,042;1,659;12,428
1986;11;28,697;10,960;3,952;0,538;3,957;3,466;24,397;0,572;3,586;6,107;4,718;1,573;12,383
1986;10;28,409;10,792;3,916;0,543;3,826;3,445;24,112;0,554;3,589;6,009;4,594;1,588;12,386
1986;9;28,962;10,950;3,846;0,525;4,123;3,453;24,472;0,548;3,521;6,351;4,826;1,702;12,468
1986;8;29,173;10,951;3,894;0,536;4,067;3,434;24,847;0,552;3,571;6,720;5,352;1,598;12,339
1986;7;28,425;10,545;3,798;0,543;3,728;3,425;24,028;0,541;3,441;6,513;5,081;1,636;12,249
1986;6;28,546;10,810;3,834;0,528;3,961;3,463;24,154;0,539;3,533;6,325;4,851;1,658;12,194
1986;5;28,880;11,139;3,912;0,534;4,277;3,426;24,543;0,565;3,554;6,071;4,632;1,612;12,375
1986;4;29,153;10,712;3,850;0,530;3,862;3,412;24,302;0,566;3,449;7,172;5,411;1,954;12,202
1986;3;28,203;10,645;3,719;0,532;3,968;3,432;23,880;0,539;3,332;6,247;4,850;1,589;12,104
1986;2;28,507;10,448;3,673;0,518;3,871;3,356;23,838;0,538;3,280;6,906;5,268;1,834;12,085
1986;1;27,907;10,423;3,719;0,525;3,746;3,379;23,573;0,532;3,369;6,217;4,777;1,623;12,106
1985;12;27,492;10,247;3,589;0,531;3,748;3,360;23,240;0,531;3,145;6,017;4,622;1,570;12,067
1985;11;28,672;10,727;3,675;0,512;4,217;3,355;24,122;0,524;3,349;6,668;5,126;1,738;12,122
1985;10;27,878;10,425;3,642;0,522;3,897;3,349;23,691;0,520;3,292;6,178;4,899;1,493;12,105
1985;9;27,609;10,116;3,646;0,527;3,513;3,338;23,391;0,510;3,334;6,391;5,035;1,569;12,024
1985;8;27,569;10,329;3,606;0,526;3,843;3,340;23,358;0,518;3,237;6,075;4,712;1,551;11,979
1985;7;27,710;10,430;3,647;0,523;3,923;3,319;23,487;0,515;3,319;6,147;4,762;1,572;11,926
1985;6;27,646;10,389;3,697;0,558;3,799;3,311;23,429;0,509;3,379;6,032;4,651;1,560;12,026
1985;5;27,581;10,227;3,588;0,499;3,786;3,297;23,252;0,505;3,298;6,250;4,768;1,657;11,967
1985;4;27,377;10,228;3,513;0,511;3,921;3,285;23,224;0,500;3,175;5,959;4,643;1,504;12,014
1985;3;27,469;10,208;3,592;0,518;3,753;3,301;23,209;0,496;3,311;6,073;4,652;1,596;12,039
1985;2;27,519;10,211;3,573;0,510;3,802;3,286;23,373;0,496;3,294;6,079;4,790;1,492;12,091
1985;1;27,664;9,871;3,350;0,456;3,762;3,262;23,019;0,467;3,112;6,822;5,155;1,847;12,021
1984;12;27,275;10,144;3,477;0,507;3,889;3,271;23,093;0,488;3,168;5,956;4,616;1,523;12,018
1984;11;26,600;9,964;3,447;0,505;3,728;3,253;22,603;0,478;3,159;5,687;4,466;1,408;11,736
1984;10;27,192;10,032;3,446;0,490;3,822;3,247;23,012;0,482;3,161;6,090;4,786;1,505;11,949
1984;9;27,615;10,345;3,512;0,503;4,119;3,242;23,375;0,491;3,220;6,202;4,883;1,526;11,882
1984;8;27,679;10,463;3,692;0,506;3,926;3,283;23,530;0,495;3,508;6,013;4,744;1,471;11,974
1984;7;26,953;9,952;3,417;0,484;3,774;3,242;22,807;0,493;3,075;5,917;4,640;1,470;11,953
1984;6;27,623;10,196;3,561;0,508;3,860;3,227;23,460;0,503;3,247;6,322;5,079;1,475;11,992
1984;5;27,294;10,102;3,574;0,506;3,711;3,232;23,033;0,514;3,228;6,171;4,798;1,565;11,886
1984;4;27,507;10,327;3,533;0,504;4,071;3,231;23,394;0,497;3,231;6,034;4,728;1,502;11,948
1984;3;27,232;10,121;3,529;0,493;3,816;3,228;23,105;0,508;3,192;6,082;4,780;1,503;11,872
1984;2;27,258;10,090;3,474;0,501;3,868;3,228;23,192;0,503;3,106;6,144;4,894;1,466;11,888
1984;1;27,315;10,293;3,544;0,502;4,013;3,226;23,258;0,519;3,162;6,010;4,745;1,468;11,788
1983;12;27,193;10,340;3,666;0,483;3,881;3,214;23,151;0,507;3,444;5,923;4,653;1,466;11,659
1983;11;27,500;10,477;3,772;0,501;3,902;3,189;23,514;0,508;3,597;6,038;4,843;1,414;11,711
1983;10;27,082;10,288;3,633;0,491;3,875;3,209;23,121;0,510;3,365;5,911;4,703;1,415;11,614
1983;9;27,142;10,362;3,658;0,505;3,941;3,196;23,219;0,519;3,352;5,860;4,698;1,374;11,627
1983;8;27,212;10,343;3,725;0,504;3,807;3,191;23,293;0,524;3,445;5,952;4,788;1,382;11,649
1983;7;26,966;10,296;3,660;0,494;3,862;3,188;23,060;0,504;3,430;5,704;4,532;1,371;11,669
1983;6;27,297;10,559;3,701;0,487;4,146;3,175;23,439;0,508;3,496;5,732;4,618;1,327;11,649
1983;5;27,276;10,405;3,680;0,509;3,950;3,205;23,282;0,515;3,399;5,977;4,743;1,441;11,608
1983;4;27,360;10,432;3,757;0,508;3,865;3,193;23,340;0,524;3,494;6,170;4,936;1,456;11,473
1983;3;27,525;10,601;3,727;0,534;4,137;3,193;23,696;0,532;3,372;5,838;4,769;1,297;11,757
1983;2;27,274;10,495;3,733;0,522;3,954;3,228;23,342;0,535;3,388;5,906;4,736;1,384;11,542
1983;1;27,201;10,627;3,789;0,546;4,034;3,222;23,372;0,529;3,472;5,570;4,446;1,322;11,596
1982;12;27,485;10,796;3,931;0,562;4,019;3,214;23,610;0,546;3,623;5,598;4,453;1,342;11,650
1982;11;27,264;10,641;3,919;0,536;3,827;3,223;23,435;0,545;3,645;5,548;4,426;1,319;11,666
1982;10;27,905;10,904;3,964;0,570;4,109;3,208;23,980;0,592;3,472;5,884;4,733;1,368;11,716
1982;9;26,961;10,344;3,842;0,561;3,603;3,192;23,139;0,549;3,456;5,725;4,617;1,321;11,575
1982;8;27,324;10,696;3,790;0,559;4,164;3,184;23,483;0,544;3,392;5,717;4,603;1,325;11,487
1982;7;27,352;10,395;3,748;0,574;3,850;3,177;23,521;0,546;3,290;6,104;5,033;1,317;11,602
1982;6;27,374;10,803;3,942;0,628;4,030;3,193;23,584;0,587;3,366;5,708;4,634;1,292;11,394
1982;5;26,996;10,485;3,697;0,535;4,073;3,160;23,172;0,552;3,234;5,758;4,636;1,334;11,369
1982;4;27,072;10,389;3,705;0,558;3,929;3,165;23,262;0,541;3,257;5,803;4,738;1,291;11,565
1982;3;27,199;10,637;3,866;0,543;3,990;3,148;23,396;0,539;3,570;5,813;4,729;1,307;11,329
1982;2;26,579;10,484;3,716;0,539;4,060;3,140;22,975;0,539;3,312;5,352;4,400;1,166;11,259
1982;1;26,519;10,224;3,641;0,524;3,865;3,125;22,766;0,514;3,317;5,461;4,383;1,277;11,478
1981;12;26,704;10,082;3,534;0,516;3,880;3,111;22,910;0,521;3,111;5,960;4,885;1,313;11,434
1981;11;26,515;10,021;3,485;0,526;3,897;3,099;22,702;0,523;3,003;5,858;4,726;1,349;11,392
1981;10;26,422;10,160;3,546;0,527;3,972;3,099;22,655;0,526;3,093;5,622;4,510;1,314;11,284
1981;9;26,031;9,968;3,451;0,509;3,903;3,084;22,294;0,508;3,035;5,449;4,324;1,310;11,269
1981;8;25,901;9,799;3,435;0,509;3,721;3,074;22,143;0,508;3,006;5,517;4,363;1,339;11,309
1981;7;26,366;9,881;3,399;0,523;3,893;3,071;22,622;0,534;2,809;6,003;4,935;1,311;11,291
1981;6;26,466;9,921;3,526;0,539;3,748;3,047;22,736;0,515;3,088;6,103;5,045;1,312;11,256
1981;5;26,275;9,869;3,513;0,521;3,724;3,025;22,533;0,509;3,124;5,942;4,822;1,346;11,257
1981;4;25,673;9,699;3,344;0,471;3,789;3,034;22,088;0,489;2,989;5,304;4,262;1,235;11,389
1981;3;25,451;9,692;3,338;0,483;3,799;3,024;21,950;0,496;2,930;5,337;4,351;1,193;11,094
1981;2;25,360;9,551;3,286;0,482;3,702;3,028;21,768;0,496;2,842;5,365;4,333;1,232;11,177
1981;1;26,022;9,615;3,286;0,478;3,789;3,025;22,359;0,494;2,854;6,000;4,986;1,269;11,287
1980;12;25,760;9,513;3,260;0,485;3,699;3,026;22,083;0,483;2,842;5,866;4,818;1,285;11,256
1980;11;25,632;9,580;3,252;0,490;3,803;3,019;21,966;0,491;2,785;5,734;4,676;1,280;11,113
1980;10;25,721;9,553;3,295;0,471;3,693;3,026;22,052;0,491;2,886;5,852;4,814;1,276;11,159
1980;9;25,728;9,543;3,333;0,496;3,607;3,033;22,058;0,493;2,910;5,842;4,808;1,272;11,193
1980;8;25,698;9,679;3,347;0,492;3,770;3,020;22,036;0,486;2,967;5,681;4,634;1,268;11,085
1980;7;25,566;9,728;3,385;0,506;3,767;3,021;21,917;0,498;2,964;5,552;4,496;1,264;10,961
1980;6;25,634;9,320;3,198;0,494;3,588;2,995;21,979;0,484;2,719;6,211;5,237;1,260;11,110
1980;5;25,352;9,370;3,161;0,498;3,705;3,005;21,701;0,481;2,664;5,692;4,661;1,256;11,134
1980;4;25,868;9,784;3,529;0,508;3,611;3,004;22,210;0,480;3,291;5,769;4,753;1,253;11,052
1980;3;25,709;9,636;3,398;0,525;3,622;3,027;22,053;0,484;3,023;5,689;4,668;1,249;11,156
1980;2;26,151;9,836;3,447;0,582;3,758;3,066;22,483;0,482;3,044;5,806;4,803;1,246;11,279
1980;1;25,924;9,873;3,471;0,615;3,741;3,090;22,272;0,494;2,991;5,676;4,662;1,243;11,062
